tag,uptimeMillis,rms,peak,dbfs,zeroRatio,readResult,callState,audioMode,outputDevice
AAWAZ_DIAG,186658309,369.2,2668,-39.0,0.733,2560,IDLE,NORMAL,BUILTIN_EARPIECE
AAWAZ_DIAG,186658822,958.4,3293,-30.7,0.000,320,IDLE,NORMAL,BUILTIN_EARPIECE
AAWAZ_DIAG,186659304,957.3,3411,-30.7,0.000,320,IDLE,NORMAL,BUILTIN_EARPIECE
AAWAZ_DIAG,186659811,849.5,3160,-31.7,0.001,320,IDLE,NORMAL,BUILTIN_EARPIECE
AAWAZ_DIAG,186660309,710.5,3434,-33.3,0.000,320,IDLE,NORMAL,BUILTIN_EARPIECE
AAWAZ_DIAG,186660797,562.7,3207,-35.3,0.001,320,IDLE,NORMAL,BUILTIN_EARPIECE
AAWAZ_DIAG,186661309,925.9,4899,-31.0,0.001,320,IDLE,NORMAL,BUILTIN_EARPIECE
AAWAZ_DIAG,186661807,600.7,2735,-34.7,0.001,320,IDLE,NORMAL,BUILTIN_EARPIECE
AAWAZ_DIAG,186662306,652.1,2397,-34.0,0.001,320,IDLE,NORMAL,BUILTIN_EARPIECE
AAWAZ_DIAG,186662790,980.0,5617,-30.5,0.000,320,IDLE,NORMAL,BUILTIN_EARPIECE
AAWAZ_DIAG,186663288,659.7,6397,-33.9,0.000,320,IDLE,NORMAL,BUILTIN_EARPIECE
AAWAZ_DIAG,186663789,589.4,2073,-34.9,0.001,320,IDLE,NORMAL,BUILTIN_EARPIECE
AAWAZ_DIAG,186664288,3182.4,18737,-20.3,0.000,320,IDLE,NORMAL,BUILTIN_EARPIECE
AAWAZ_DIAG,186664791,2788.2,15788,-21.4,0.001,320,IDLE,NORMAL,BUILTIN_EARPIECE
AAWAZ_DIAG,186665288,715.5,5597,-33.2,0.001,320,IDLE,NORMAL,BUILTIN_EARPIECE
AAWAZ_DIAG,186665790,538.6,2006,-35.7,0.000,320,IDLE,NORMAL,BUILTIN_EARPIECE
AAWAZ_DIAG,186666288,1570.9,12940,-26.4,0.001,320,IDLE,NORMAL,BUILTIN_EARPIECE
AAWAZ_DIAG,186666786,2248.8,10637,-23.3,0.000,320,IDLE,NORMAL,BUILTIN_EARPIECE
AAWAZ_DIAG,186667287,846.5,3970,-31.8,0.000,320,IDLE,NORMAL,BUILTIN_EARPIECE
AAWAZ_DIAG,186667789,333.1,1384,-39.9,0.001,320,IDLE,NORMAL,BUILTIN_EARPIECE
AAWAZ_DIAG,186668288,523.3,1870,-35.9,0.000,320,IDLE,NORMAL,BUILTIN_EARPIECE
AAWAZ_DIAG,186668789,365.8,1567,-39.0,0.001,320,IDLE,NORMAL,BUILTIN_EARPIECE
AAWAZ_DIAG,186669289,508.7,1891,-36.2,0.001,320,IDLE,NORMAL,BUILTIN_EARPIECE
AAWAZ_DIAG,186669786,429.6,1510,-37.6,0.001,320,IDLE,NORMAL,BUILTIN_EARPIECE
AAWAZ_DIAG,186670290,315.5,1202,-40.3,0.001,320,IDLE,NORMAL,BUILTIN_EARPIECE
AAWAZ_DIAG,186670786,1775.9,10461,-25.3,0.001,320,IDLE,NORMAL,BUILTIN_EARPIECE
AAWAZ_DIAG,186671288,1257.4,6361,-28.3,0.000,320,IDLE,NORMAL,BUILTIN_EARPIECE
AAWAZ_DIAG,186671786,452.7,2735,-37.2,0.001,320,IDLE,NORMAL,BUILTIN_EARPIECE
AAWAZ_DIAG,186672282,477.6,2081,-36.7,0.001,320,IDLE,NORMAL,BUILTIN_EARPIECE
AAWAZ_DIAG,186672789,440.8,1649,-37.4,0.001,320,IDLE,NORMAL,BUILTIN_EARPIECE
AAWAZ_DIAG,186673286,381.6,1532,-38.7,0.001,320,IDLE,NORMAL,BUILTIN_EARPIECE
AAWAZ_DIAG,186673788,309.5,1131,-40.5,0.001,320,IDLE,NORMAL,BUILTIN_EARPIECE
AAWAZ_DIAG,186674287,283.2,1219,-41.3,0.001,320,IDLE,NORMAL,BUILTIN_EARPIECE
AAWAZ_DIAG,186674790,319.2,1320,-40.2,0.002,320,IDLE,NORMAL,BUILTIN_EARPIECE
AAWAZ_DIAG,186675288,742.3,7332,-32.9,0.001,320,IDLE,NORMAL,BUILTIN_EARPIECE
AAWAZ_DIAG,186675788,2532.9,12055,-22.2,0.000,320,IDLE,NORMAL,BUILTIN_EARPIECE
AAWAZ_DIAG,186676289,551.9,2074,-35.5,0.001,320,IDLE,NORMAL,BUILTIN_EARPIECE
AAWAZ_DIAG,186676788,557.3,2185,-35.4,0.000,320,IDLE,NORMAL,BUILTIN_EARPIECE
AAWAZ_DIAG,186677288,408.9,1724,-38.1,0.001,320,IDLE,NORMAL,BUILTIN_EARPIECE
AAWAZ_DIAG,186677788,638.8,2281,-34.2,0.001,320,IDLE,NORMAL,BUILTIN_EARPIECE
AAWAZ_DIAG,186678290,464.2,1931,-37.0,0.002,320,IDLE,NORMAL,BUILTIN_EARPIECE
AAWAZ_DIAG,186678786,329.6,1158,-40.0,0.001,320,IDLE,NORMAL,BUILTIN_EARPIECE
AAWAZ_DIAG,186679288,424.3,1432,-37.8,0.001,320,IDLE,NORMAL,BUILTIN_EARPIECE
AAWAZ_DIAG,186679785,530.6,2057,-35.8,0.002,320,IDLE,NORMAL,BUILTIN_EARPIECE
AAWAZ_DIAG,186680290,580.6,2222,-35.0,0.001,320,IDLE,NORMAL,BUILTIN_EARPIECE
AAWAZ_DIAG,186680788,417.6,1595,-37.9,0.001,320,IDLE,NORMAL,BUILTIN_EARPIECE
AAWAZ_DIAG,186681290,495.4,1942,-36.4,0.001,320,IDLE,NORMAL,BUILTIN_EARPIECE
AAWAZ_DIAG,186681789,522.4,3324,-35.9,0.000,320,IDLE,NORMAL,BUILTIN_EARPIECE
AAWAZ_DIAG,186682289,580.0,4356,-35.0,0.001,320,IDLE,NORMAL,BUILTIN_EARPIECE
AAWAZ_DIAG,186682786,446.6,1536,-37.3,0.001,320,IDLE,NORMAL,BUILTIN_EARPIECE
AAWAZ_DIAG,186683288,509.3,2086,-36.2,0.002,320,IDLE,NORMAL,BUILTIN_EARPIECE
AAWAZ_DIAG,186683789,5273.1,17391,-15.9,0.000,320,IDLE,NORMAL,BUILTIN_EARPIECE
AAWAZ_DIAG,186684289,239.9,1142,-42.7,0.002,320,IDLE,NORMAL,BUILTIN_EARPIECE
AAWAZ_DIAG,186684790,265.9,865,-41.8,0.001,320,IDLE,NORMAL,BUILTIN_EARPIECE
AAWAZ_DIAG,186685286,218.1,873,-43.5,0.002,320,IDLE,NORMAL,BUILTIN_EARPIECE
AAWAZ_DIAG,186697132,596.9,4358,-34.8,0.697,2560,IDLE,NORMAL,BUILTIN_EARPIECE
AAWAZ_DIAG,186697631,811.1,3107,-32.1,0.000,320,IDLE,NORMAL,BUILTIN_EARPIECE
AAWAZ_DIAG,186698132,688.5,2209,-33.6,0.001,320,IDLE,NORMAL,BUILTIN_EARPIECE
AAWAZ_DIAG,186698630,1196.9,4693,-28.7,0.001,320,IDLE,NORMAL,BUILTIN_EARPIECE
AAWAZ_DIAG,186699136,854.5,6570,-31.7,0.001,320,IDLE,NORMAL,BUILTIN_EARPIECE
AAWAZ_DIAG,186699625,547.2,2285,-35.5,0.001,320,IDLE,NORMAL,BUILTIN_EARPIECE
AAWAZ_DIAG,186700131,511.9,2359,-36.1,0.001,320,IDLE,NORMAL,BUILTIN_EARPIECE
AAWAZ_DIAG,186700625,590.1,2328,-34.9,0.000,320,IDLE,NORMAL,BUILTIN_EARPIECE
AAWAZ_DIAG,186701129,571.7,2230,-35.2,0.001,320,IDLE,NORMAL,BUILTIN_EARPIECE
AAWAZ_DIAG,186701609,598.9,6462,-34.8,0.001,320,IDLE,NORMAL,BUILTIN_EARPIECE
AAWAZ_DIAG,186702113,569.9,2005,-35.2,0.000,320,IDLE,NORMAL,BUILTIN_EARPIECE
AAWAZ_DIAG,186702616,614.7,2257,-34.5,0.001,320,IDLE,NORMAL,BUILTIN_EARPIECE
AAWAZ_DIAG,186703113,669.6,2523,-33.8,0.001,320,IDLE,NORMAL,BUILTIN_EARPIECE
AAWAZ_DIAG,186703616,533.5,2121,-35.8,0.001,320,IDLE,NORMAL,BUILTIN_EARPIECE
AAWAZ_DIAG,186704115,616.3,2628,-34.5,0.000,320,IDLE,NORMAL,BUILTIN_EARPIECE
AAWAZ_DIAG,186704614,481.5,1840,-36.7,0.000,320,IDLE,NORMAL,BUILTIN_EARPIECE
AAWAZ_DIAG,186705119,601.8,2284,-34.7,0.001,320,IDLE,NORMAL,BUILTIN_EARPIECE
AAWAZ_DIAG,186705615,756.8,2740,-32.7,0.000,320,IDLE,NORMAL,BUILTIN_EARPIECE
AAWAZ_DIAG,186706112,616.2,2031,-34.5,0.001,320,IDLE,NORMAL,BUILTIN_EARPIECE
AAWAZ_DIAG,186706615,648.3,1920,-34.1,0.001,320,IDLE,NORMAL,BUILTIN_EARPIECE
AAWAZ_DIAG,186707115,701.1,2502,-33.4,0.001,320,IDLE,NORMAL,BUILTIN_EARPIECE
AAWAZ_DIAG,186707620,776.8,2773,-32.5,0.001,320,IDLE,NORMAL,BUILTIN_EARPIECE
AAWAZ_DIAG,186708115,827.2,3176,-32.0,0.000,320,IDLE,NORMAL,BUILTIN_EARPIECE
AAWAZ_DIAG,186708614,849.9,6948,-31.7,0.001,320,IDLE,NORMAL,BUILTIN_EARPIECE
AAWAZ_DIAG,186709115,571.0,2587,-35.2,0.000,320,IDLE,NORMAL,BUILTIN_EARPIECE
AAWAZ_DIAG,186709612,772.2,6133,-32.6,0.001,320,IDLE,NORMAL,BUILTIN_EARPIECE
AAWAZ_DIAG,186710115,775.9,5330,-32.5,0.000,320,IDLE,NORMAL,BUILTIN_EARPIECE
AAWAZ_DIAG,186710614,544.6,1878,-35.6,0.000,320,IDLE,NORMAL,BUILTIN_EARPIECE
AAWAZ_DIAG,186711115,674.5,2071,-33.7,0.000,320,IDLE,NORMAL,BUILTIN_EARPIECE
AAWAZ_DIAG,186711618,528.2,1927,-35.9,0.001,320,IDLE,NORMAL,BUILTIN_EARPIECE
AAWAZ_DIAG,186712115,553.7,1958,-35.4,0.001,320,IDLE,NORMAL,BUILTIN_EARPIECE
AAWAZ_DIAG,186712614,549.8,1753,-35.5,0.001,320,IDLE,NORMAL,BUILTIN_EARPIECE
AAWAZ_DIAG,186713113,480.9,1798,-36.7,0.001,320,IDLE,NORMAL,BUILTIN_EARPIECE
AAWAZ_DIAG,186713614,377.9,1531,-38.8,0.001,320,IDLE,NORMAL,BUILTIN_EARPIECE
AAWAZ_DIAG,186714116,426.1,1606,-37.7,0.000,320,IDLE,NORMAL,BUILTIN_EARPIECE
AAWAZ_DIAG,186714615,376.9,2757,-38.8,0.000,320,IDLE,NORMAL,BUILTIN_EARPIECE
AAWAZ_DIAG,186715115,743.1,14000,-32.9,0.001,320,IDLE,NORMAL,BUILTIN_EARPIECE
AAWAZ_DIAG,186715616,394.0,1600,-38.4,0.001,320,IDLE,NORMAL,BUILTIN_EARPIECE
AAWAZ_DIAG,186716113,3126.7,17575,-20.4,0.000,320,IDLE,NORMAL,BUILTIN_EARPIECE
AAWAZ_DIAG,186716617,2773.4,12333,-21.4,0.000,320,IDLE,NORMAL,BUILTIN_EARPIECE
AAWAZ_DIAG,186717116,1058.6,10062,-29.8,0.001,320,IDLE,NORMAL,BUILTIN_EARPIECE
AAWAZ_DIAG,186717614,2146.8,10692,-23.7,0.000,320,IDLE,NORMAL,BUILTIN_EARPIECE
AAWAZ_DIAG,186718118,2052.7,12399,-24.1,0.000,320,IDLE,NORMAL,BUILTIN_EARPIECE
AAWAZ_DIAG,186718613,681.7,6322,-33.6,0.001,320,IDLE,NORMAL,BUILTIN_EARPIECE
AAWAZ_DIAG,186719111,267.5,960,-41.8,0.001,320,IDLE,NORMAL,BUILTIN_EARPIECE
AAWAZ_DIAG,186719614,360.9,2115,-39.2,0.001,320,IDLE,NORMAL,BUILTIN_EARPIECE
AAWAZ_DIAG,186720113,326.9,1486,-40.0,0.001,320,IDLE,NORMAL,BUILTIN_EARPIECE
AAWAZ_DIAG,186720617,2059.4,9698,-24.0,0.000,320,IDLE,NORMAL,BUILTIN_EARPIECE
AAWAZ_DIAG,186721115,349.1,1622,-39.5,0.001,320,IDLE,NORMAL,BUILTIN_EARPIECE
AAWAZ_DIAG,186721615,273.7,1209,-41.6,0.002,320,IDLE,NORMAL,BUILTIN_EARPIECE
AAWAZ_DIAG,186722116,294.4,1130,-40.9,0.001,320,IDLE,NORMAL,BUILTIN_EARPIECE
AAWAZ_DIAG,186722614,1570.3,7015,-26.4,0.001,320,IDLE,NORMAL,BUILTIN_EARPIECE
AAWAZ_DIAG,186723111,1831.5,10614,-25.1,0.000,320,IDLE,NORMAL,BUILTIN_EARPIECE
AAWAZ_DIAG,186723615,355.3,1390,-39.3,0.002,320,IDLE,NORMAL,BUILTIN_EARPIECE
AAWAZ_DIAG,186724114,264.9,1151,-41.8,0.002,320,IDLE,NORMAL,BUILTIN_EARPIECE
AAWAZ_DIAG,186724614,260.2,919,-42.0,0.002,320,IDLE,NORMAL,BUILTIN_EARPIECE
AAWAZ_DIAG,186725115,883.7,6881,-31.4,0.002,320,IDLE,NORMAL,BUILTIN_EARPIECE
AAWAZ_DIAG,186725612,1263.2,7121,-28.3,0.001,320,IDLE,NORMAL,BUILTIN_EARPIECE
AAWAZ_DIAG,186726115,300.2,1061,-40.8,0.001,320,IDLE,NORMAL,BUILTIN_EARPIECE
AAWAZ_DIAG,186726612,432.7,3086,-37.6,0.001,320,IDLE,NORMAL,BUILTIN_EARPIECE
AAWAZ_DIAG,186727118,263.7,1031,-41.9,0.001,320,IDLE,NORMAL,BUILTIN_EARPIECE
AAWAZ_DIAG,186727614,310.2,1256,-40.5,0.002,320,IDLE,NORMAL,BUILTIN_EARPIECE
AAWAZ_DIAG,186728115,2836.0,17040,-21.3,0.000,320,IDLE,NORMAL,BUILTIN_EARPIECE
AAWAZ_DIAG,186728615,1250.6,6841,-28.4,0.000,320,IDLE,NORMAL,BUILTIN_EARPIECE
AAWAZ_DIAG,186729113,1770.8,8448,-25.3,0.001,320,IDLE,NORMAL,BUILTIN_EARPIECE
AAWAZ_DIAG,186729616,283.2,1464,-41.3,0.002,320,IDLE,NORMAL,BUILTIN_EARPIECE
AAWAZ_DIAG,186730114,274.0,1191,-41.6,0.001,320,IDLE,NORMAL,BUILTIN_EARPIECE
AAWAZ_DIAG,186730614,270.3,1095,-41.7,0.002,320,IDLE,NORMAL,BUILTIN_EARPIECE
AAWAZ_DIAG,186731115,269.4,1783,-41.7,0.002,320,IDLE,NORMAL,BUILTIN_EARPIECE
AAWAZ_DIAG,186731617,227.0,1334,-43.2,0.002,320,IDLE,NORMAL,BUILTIN_EARPIECE
AAWAZ_DIAG,186732112,322.6,1782,-40.1,0.001,320,IDLE,NORMAL,BUILTIN_EARPIECE
AAWAZ_DIAG,186732615,285.9,1175,-41.2,0.001,320,IDLE,NORMAL,BUILTIN_EARPIECE
AAWAZ_DIAG,186733113,258.9,1513,-42.0,0.002,320,IDLE,NORMAL,BUILTIN_EARPIECE
AAWAZ_DIAG,186733615,1886.2,9968,-24.8,0.001,320,IDLE,NORMAL,BUILTIN_EARPIECE
AAWAZ_DIAG,186734115,1103.9,6440,-29.5,0.001,320,IDLE,NORMAL,BUILTIN_EARPIECE
AAWAZ_DIAG,186734616,326.3,1226,-40.0,0.001,320,IDLE,NORMAL,BUILTIN_EARPIECE
AAWAZ_DIAG,186735115,340.9,1232,-39.7,0.001,320,IDLE,NORMAL,BUILTIN_EARPIECE
AAWAZ_DIAG,186735612,382.5,1668,-38.7,0.002,320,IDLE,NORMAL,BUILTIN_EARPIECE
AAWAZ_DIAG,186736113,333.4,1269,-39.8,0.001,320,IDLE,NORMAL,BUILTIN_EARPIECE
AAWAZ_DIAG,186736610,320.3,1226,-40.2,0.001,320,IDLE,NORMAL,BUILTIN_EARPIECE
AAWAZ_DIAG,186737112,356.5,1482,-39.3,0.001,320,IDLE,NORMAL,BUILTIN_EARPIECE
AAWAZ_DIAG,186737608,447.6,2172,-37.3,0.001,320,IDLE,NORMAL,BUILTIN_EARPIECE
AAWAZ_DIAG,186738115,313.0,1270,-40.4,0.001,320,IDLE,NORMAL,BUILTIN_EARPIECE
AAWAZ_DIAG,186738609,510.7,2085,-36.1,0.001,320,IDLE,NORMAL,BUILTIN_EARPIECE
AAWAZ_DIAG,186739106,364.0,1497,-39.1,0.001,320,IDLE,NORMAL,BUILTIN_EARPIECE
AAWAZ_DIAG,186739614,690.5,2403,-33.5,0.001,320,IDLE,NORMAL,BUILTIN_EARPIECE
AAWAZ_DIAG,186740116,551.8,3535,-35.5,0.001,320,IDLE,NORMAL,BUILTIN_EARPIECE
AAWAZ_DIAG,186740617,504.0,2062,-36.3,0.001,320,IDLE,NORMAL,BUILTIN_EARPIECE
AAWAZ_DIAG,186741113,575.4,2056,-35.1,0.000,320,IDLE,NORMAL,BUILTIN_EARPIECE
AAWAZ_DIAG,186741612,494.2,1570,-36.4,0.001,320,IDLE,NORMAL,BUILTIN_EARPIECE
AAWAZ_DIAG,186742115,453.5,1922,-37.2,0.002,320,IDLE,NORMAL,BUILTIN_EARPIECE
AAWAZ_DIAG,186742613,379.6,1499,-38.7,0.002,320,IDLE,NORMAL,BUILTIN_EARPIECE
AAWAZ_DIAG,186743115,506.8,2171,-36.2,0.001,320,IDLE,NORMAL,BUILTIN_EARPIECE
AAWAZ_DIAG,186743614,664.4,2860,-33.9,0.001,320,IDLE,NORMAL,BUILTIN_EARPIECE
AAWAZ_DIAG,186744114,561.0,2614,-35.3,0.001,320,IDLE,NORMAL,BUILTIN_EARPIECE
AAWAZ_DIAG,186744615,570.3,2053,-35.2,0.001,320,IDLE,NORMAL,BUILTIN_EARPIECE
AAWAZ_DIAG,186745115,641.0,2349,-34.2,0.001,320,IDLE,NORMAL,BUILTIN_EARPIECE
AAWAZ_DIAG,186745615,385.8,1701,-38.6,0.001,320,IDLE,NORMAL,BUILTIN_EARPIECE
AAWAZ_DIAG,186746116,344.9,1349,-39.6,0.001,320,IDLE,NORMAL,BUILTIN_EARPIECE
AAWAZ_DIAG,186746612,303.4,1164,-40.7,0.001,320,IDLE,NORMAL,BUILTIN_EARPIECE
AAWAZ_DIAG,186747114,299.8,1116,-40.8,0.001,320,IDLE,NORMAL,BUILTIN_EARPIECE
AAWAZ_DIAG,186747623,426.3,2721,-37.7,0.001,320,IDLE,NORMAL,BUILTIN_EARPIECE
AAWAZ_DIAG,186748105,474.9,2212,-36.8,0.001,320,IDLE,NORMAL,BUILTIN_EARPIECE
AAWAZ_DIAG,186748608,633.8,2908,-34.3,0.001,320,IDLE,NORMAL,BUILTIN_EARPIECE
AAWAZ_DIAG,186749107,354.1,1802,-39.3,0.002,320,IDLE,NORMAL,BUILTIN_EARPIECE
AAWAZ_DIAG,186749608,453.3,1544,-37.2,0.001,320,IDLE,NORMAL,BUILTIN_EARPIECE
AAWAZ_DIAG,186750102,358.0,1453,-39.2,0.002,320,IDLE,NORMAL,BUILTIN_EARPIECE
AAWAZ_DIAG,186750607,552.5,2220,-35.5,0.001,320,IDLE,NORMAL,BUILTIN_EARPIECE
AAWAZ_DIAG,186751106,616.4,2804,-34.5,0.000,320,IDLE,NORMAL,BUILTIN_EARPIECE
AAWAZ_DIAG,186751614,454.6,1736,-37.2,0.001,320,IDLE,NORMAL,BUILTIN_EARPIECE
AAWAZ_DIAG,186752115,382.1,1466,-38.7,0.002,320,IDLE,NORMAL,BUILTIN_EARPIECE
AAWAZ_DIAG,186752607,531.9,2138,-35.8,0.001,320,IDLE,NORMAL,BUILTIN_EARPIECE
AAWAZ_DIAG,186753107,564.1,2204,-35.3,0.001,320,IDLE,NORMAL,BUILTIN_EARPIECE
AAWAZ_DIAG,186753605,577.4,2504,-35.1,0.001,320,IDLE,NORMAL,BUILTIN_EARPIECE
AAWAZ_DIAG,186754111,763.7,2930,-32.7,0.000,320,IDLE,NORMAL,BUILTIN_EARPIECE
AAWAZ_DIAG,186754616,803.9,3064,-32.2,0.001,320,IDLE,NORMAL,BUILTIN_EARPIECE
AAWAZ_DIAG,186755114,373.0,1720,-38.9,0.002,320,IDLE,NORMAL,BUILTIN_EARPIECE
AAWAZ_DIAG,186755618,433.8,1848,-37.6,0.001,320,IDLE,NORMAL,BUILTIN_EARPIECE
AAWAZ_DIAG,186756115,344.1,1586,-39.6,0.001,320,IDLE,NORMAL,BUILTIN_EARPIECE
AAWAZ_DIAG,186756614,349.8,1357,-39.4,0.001,320,IDLE,NORMAL,BUILTIN_EARPIECE
AAWAZ_DIAG,186757116,352.5,1539,-39.4,0.002,320,IDLE,NORMAL,BUILTIN_EARPIECE
AAWAZ_DIAG,186757616,549.6,2125,-35.5,0.000,320,IDLE,NORMAL,BUILTIN_EARPIECE
AAWAZ_DIAG,186758108,450.3,2754,-37.2,0.001,320,IDLE,NORMAL,BUILTIN_EARPIECE
AAWAZ_DIAG,186758617,628.5,2070,-34.3,0.001,320,IDLE,NORMAL,BUILTIN_EARPIECE
AAWAZ_DIAG,186759115,421.5,1646,-37.8,0.001,320,IDLE,NORMAL,BUILTIN_EARPIECE
AAWAZ_DIAG,186759609,562.3,2075,-35.3,0.001,320,IDLE,NORMAL,BUILTIN_EARPIECE
AAWAZ_DIAG,186760114,523.8,1677,-35.9,0.001,320,IDLE,NORMAL,BUILTIN_EARPIECE
AAWAZ_DIAG,186760616,509.8,1983,-36.2,0.000,320,IDLE,NORMAL,BUILTIN_EARPIECE
AAWAZ_DIAG,186761117,447.5,2087,-37.3,0.001,320,IDLE,NORMAL,BUILTIN_EARPIECE
AAWAZ_DIAG,186761616,348.6,1394,-39.5,0.001,320,IDLE,NORMAL,BUILTIN_EARPIECE
AAWAZ_DIAG,186762115,486.2,1868,-36.6,0.001,320,IDLE,NORMAL,BUILTIN_EARPIECE
AAWAZ_DIAG,186762615,532.3,2465,-35.8,0.001,320,IDLE,NORMAL,BUILTIN_EARPIECE
AAWAZ_DIAG,186763115,629.4,2250,-34.3,0.000,320,IDLE,NORMAL,BUILTIN_EARPIECE
AAWAZ_DIAG,186763612,555.9,2282,-35.4,0.001,320,IDLE,NORMAL,BUILTIN_EARPIECE
AAWAZ_DIAG,186764116,648.3,2192,-34.1,0.001,320,IDLE,NORMAL,BUILTIN_EARPIECE
AAWAZ_DIAG,186764614,375.4,1301,-38.8,0.000,320,IDLE,NORMAL,BUILTIN_EARPIECE
AAWAZ_DIAG,186765111,367.4,1584,-39.0,0.001,320,IDLE,NORMAL,BUILTIN_EARPIECE
AAWAZ_DIAG,186765615,409.7,1558,-38.1,0.001,320,IDLE,NORMAL,BUILTIN_EARPIECE
AAWAZ_DIAG,186766114,340.3,1355,-39.7,0.002,320,IDLE,NORMAL,BUILTIN_EARPIECE
AAWAZ_DIAG,186766614,331.7,1481,-39.9,0.001,320,IDLE,NORMAL,BUILTIN_EARPIECE
AAWAZ_DIAG,186767113,559.2,3026,-35.4,0.001,320,IDLE,NORMAL,BUILTIN_EARPIECE
AAWAZ_DIAG,186767614,381.8,1580,-38.7,0.002,320,IDLE,NORMAL,BUILTIN_EARPIECE
AAWAZ_DIAG,186768114,377.5,1762,-38.8,0.001,320,IDLE,NORMAL,BUILTIN_EARPIECE
AAWAZ_DIAG,186768615,628.6,3031,-34.3,0.001,320,IDLE,NORMAL,BUILTIN_EARPIECE
AAWAZ_DIAG,186769115,460.9,1987,-37.0,0.001,320,IDLE,NORMAL,BUILTIN_EARPIECE
AAWAZ_DIAG,186769615,663.6,2272,-33.9,0.001,320,IDLE,NORMAL,BUILTIN_EARPIECE
AAWAZ_DIAG,186770115,433.7,1810,-37.6,0.001,320,IDLE,NORMAL,BUILTIN_EARPIECE
AAWAZ_DIAG,186770614,355.0,1325,-39.3,0.002,320,IDLE,NORMAL,BUILTIN_EARPIECE
AAWAZ_DIAG,186771112,452.0,1722,-37.2,0.000,320,IDLE,NORMAL,BUILTIN_EARPIECE
AAWAZ_DIAG,186771614,513.1,1709,-36.1,0.001,320,IDLE,NORMAL,BUILTIN_EARPIECE
AAWAZ_DIAG,186772115,414.6,2143,-38.0,0.002,320,IDLE,NORMAL,BUILTIN_EARPIECE
AAWAZ_DIAG,186772615,550.8,2027,-35.5,0.001,320,IDLE,NORMAL,BUILTIN_EARPIECE
AAWAZ_DIAG,186773114,747.5,2602,-32.8,0.001,320,IDLE,NORMAL,BUILTIN_EARPIECE
AAWAZ_DIAG,186773615,619.5,2366,-34.5,0.001,320,IDLE,NORMAL,BUILTIN_EARPIECE
AAWAZ_DIAG,186774115,327.1,1159,-40.0,0.001,320,IDLE,NORMAL,BUILTIN_EARPIECE
AAWAZ_DIAG,186774616,364.5,1290,-39.1,0.001,320,IDLE,NORMAL,BUILTIN_EARPIECE
AAWAZ_DIAG,186775113,350.1,1291,-39.4,0.002,320,IDLE,NORMAL,BUILTIN_EARPIECE
AAWAZ_DIAG,186775615,558.6,2298,-35.4,0.001,320,IDLE,NORMAL,BUILTIN_EARPIECE
AAWAZ_DIAG,186776115,577.8,2128,-35.1,0.000,320,IDLE,NORMAL,BUILTIN_EARPIECE
AAWAZ_DIAG,186776615,531.0,2217,-35.8,0.001,320,IDLE,NORMAL,BUILTIN_EARPIECE
AAWAZ_DIAG,186777114,548.6,1872,-35.5,0.001,320,IDLE,NORMAL,BUILTIN_EARPIECE
AAWAZ_DIAG,186777614,788.2,6799,-32.4,0.001,320,IDLE,NORMAL,BUILTIN_EARPIECE
AAWAZ_DIAG,186778113,601.8,2078,-34.7,0.001,320,IDLE,NORMAL,BUILTIN_EARPIECE
AAWAZ_DIAG,186778614,619.4,2632,-34.5,0.000,320,IDLE,NORMAL,BUILTIN_EARPIECE
AAWAZ_DIAG,186779115,659.6,2526,-33.9,0.001,320,IDLE,NORMAL,BUILTIN_EARPIECE
AAWAZ_DIAG,186779616,595.4,2169,-34.8,0.001,320,IDLE,NORMAL,BUILTIN_EARPIECE
AAWAZ_DIAG,186780115,614.8,2612,-34.5,0.001,320,IDLE,NORMAL,BUILTIN_EARPIECE
AAWAZ_DIAG,186780613,828.6,2855,-31.9,0.000,320,IDLE,NORMAL,BUILTIN_EARPIECE
AAWAZ_DIAG,186781114,990.3,4314,-30.4,0.001,320,IDLE,NORMAL,BUILTIN_EARPIECE
AAWAZ_DIAG,186781613,880.8,3715,-31.4,0.000,320,IDLE,NORMAL,BUILTIN_EARPIECE
AAWAZ_DIAG,186782114,716.1,4440,-33.2,0.001,320,IDLE,NORMAL,BUILTIN_EARPIECE
AAWAZ_DIAG,186782615,629.8,2458,-34.3,0.000,320,IDLE,NORMAL,BUILTIN_EARPIECE
AAWAZ_DIAG,186783109,653.9,2164,-34.0,0.000,320,IDLE,NORMAL,BUILTIN_EARPIECE
AAWAZ_DIAG,186783615,777.2,2913,-32.5,0.001,320,IDLE,NORMAL,BUILTIN_EARPIECE
AAWAZ_DIAG,186784116,784.6,2917,-32.4,0.000,320,IDLE,NORMAL,BUILTIN_EARPIECE
AAWAZ_DIAG,186784606,755.1,2890,-32.7,0.001,320,IDLE,NORMAL,BUILTIN_EARPIECE
AAWAZ_DIAG,186785115,683.0,2424,-33.6,0.000,320,IDLE,NORMAL,BUILTIN_EARPIECE
AAWAZ_DIAG,186785616,647.5,2376,-34.1,0.001,320,IDLE,NORMAL,BUILTIN_EARPIECE
AAWAZ_DIAG,186786114,472.4,1916,-36.8,0.001,320,IDLE,NORMAL,BUILTIN_EARPIECE
AAWAZ_DIAG,186786614,639.5,2382,-34.2,0.001,320,IDLE,NORMAL,BUILTIN_EARPIECE
AAWAZ_DIAG,186787116,522.3,1949,-36.0,0.001,320,IDLE,NORMAL,BUILTIN_EARPIECE
AAWAZ_DIAG,186787614,740.6,2660,-32.9,0.001,320,IDLE,NORMAL,BUILTIN_EARPIECE
AAWAZ_DIAG,186788115,792.7,2844,-32.3,0.001,320,IDLE,NORMAL,BUILTIN_EARPIECE
AAWAZ_DIAG,186788609,787.9,3207,-32.4,0.001,320,IDLE,NORMAL,BUILTIN_EARPIECE
AAWAZ_DIAG,186789116,814.4,3085,-32.1,0.001,320,IDLE,NORMAL,BUILTIN_EARPIECE
AAWAZ_DIAG,186789614,858.5,3278,-31.6,0.001,320,IDLE,NORMAL,BUILTIN_EARPIECE
AAWAZ_DIAG,186790114,712.0,3002,-33.3,0.000,320,IDLE,NORMAL,BUILTIN_EARPIECE
AAWAZ_DIAG,186790615,809.3,2859,-32.1,0.001,320,IDLE,NORMAL,BUILTIN_EARPIECE
AAWAZ_DIAG,186791112,808.1,2886,-32.2,0.000,320,IDLE,NORMAL,BUILTIN_EARPIECE
AAWAZ_DIAG,186791616,620.3,2402,-34.5,0.000,320,IDLE,NORMAL,BUILTIN_EARPIECE
AAWAZ_DIAG,186792111,707.8,2393,-33.3,0.000,320,IDLE,NORMAL,BUILTIN_EARPIECE
AAWAZ_DIAG,186792616,664.0,2315,-33.9,0.001,320,IDLE,NORMAL,BUILTIN_EARPIECE
AAWAZ_DIAG,186793114,614.0,2084,-34.5,0.001,320,IDLE,NORMAL,BUILTIN_EARPIECE
AAWAZ_DIAG,186793615,518.1,2288,-36.0,0.001,320,IDLE,NORMAL,BUILTIN_EARPIECE
AAWAZ_DIAG,186794116,601.8,2570,-34.7,0.000,320,IDLE,NORMAL,BUILTIN_EARPIECE
AAWAZ_DIAG,186794610,459.4,1741,-37.1,0.001,320,IDLE,NORMAL,BUILTIN_EARPIECE
AAWAZ_DIAG,186795117,562.0,2625,-35.3,0.001,320,IDLE,NORMAL,BUILTIN_EARPIECE
AAWAZ_DIAG,186795616,650.1,2563,-34.0,0.001,320,IDLE,NORMAL,BUILTIN_EARPIECE
AAWAZ_DIAG,186796116,567.6,1921,-35.2,0.001,320,IDLE,NORMAL,BUILTIN_EARPIECE
AAWAZ_DIAG,186796615,563.4,2091,-35.3,0.001,320,IDLE,NORMAL,BUILTIN_EARPIECE
AAWAZ_DIAG,186797116,529.9,2487,-35.8,0.001,320,IDLE,NORMAL,BUILTIN_EARPIECE
AAWAZ_DIAG,186797611,546.2,2262,-35.6,0.001,320,IDLE,NORMAL,BUILTIN_EARPIECE
AAWAZ_DIAG,186798115,520.0,2096,-36.0,0.001,320,IDLE,NORMAL,BUILTIN_EARPIECE
AAWAZ_DIAG,186798615,776.7,2807,-32.5,0.001,320,IDLE,NORMAL,BUILTIN_EARPIECE
AAWAZ_DIAG,186799116,642.7,2734,-34.1,0.000,320,IDLE,NORMAL,BUILTIN_EARPIECE
AAWAZ_DIAG,186799614,604.3,2433,-34.7,0.001,320,IDLE,NORMAL,BUILTIN_EARPIECE
AAWAZ_DIAG,186800115,718.9,4678,-33.2,0.000,320,IDLE,NORMAL,BUILTIN_EARPIECE
AAWAZ_DIAG,186800615,686.1,2725,-33.6,0.001,320,IDLE,NORMAL,BUILTIN_EARPIECE
AAWAZ_DIAG,186801112,601.8,2389,-34.7,0.001,320,IDLE,NORMAL,BUILTIN_EARPIECE
AAWAZ_DIAG,186801613,562.4,2056,-35.3,0.001,320,IDLE,NORMAL,BUILTIN_EARPIECE
AAWAZ_DIAG,186802115,695.3,2454,-33.5,0.001,320,IDLE,NORMAL,BUILTIN_EARPIECE
AAWAZ_DIAG,186802614,881.4,3226,-31.4,0.000,320,IDLE,NORMAL,BUILTIN_EARPIECE
AAWAZ_DIAG,186803108,988.2,4143,-30.4,0.000,320,IDLE,NORMAL,BUILTIN_EARPIECE
AAWAZ_DIAG,186803609,807.0,3333,-32.2,0.000,320,IDLE,NORMAL,BUILTIN_EARPIECE
AAWAZ_DIAG,186804116,947.7,4434,-30.8,0.000,320,IDLE,NORMAL,BUILTIN_EARPIECE
AAWAZ_DIAG,186804617,1059.5,5021,-29.8,0.001,320,IDLE,NORMAL,BUILTIN_EARPIECE
AAWAZ_DIAG,186805114,1579.7,7734,-26.3,0.000,320,IDLE,NORMAL,BUILTIN_EARPIECE
AAWAZ_DIAG,186805613,888.3,4490,-31.3,0.001,320,IDLE,NORMAL,BUILTIN_EARPIECE
AAWAZ_DIAG,186806116,540.0,2151,-35.7,0.001,320,IDLE,NORMAL,BUILTIN_EARPIECE
AAWAZ_DIAG,186806615,521.4,2131,-36.0,0.001,320,IDLE,NORMAL,BUILTIN_EARPIECE
AAWAZ_DIAG,186807113,519.6,2160,-36.0,0.001,320,IDLE,NORMAL,BUILTIN_EARPIECE
AAWAZ_DIAG,186807615,634.7,2474,-34.3,0.000,320,IDLE,NORMAL,BUILTIN_EARPIECE
AAWAZ_DIAG,186808114,648.5,2429,-34.1,0.001,320,IDLE,NORMAL,BUILTIN_EARPIECE
AAWAZ_DIAG,186808614,508.5,1893,-36.2,0.001,320,IDLE,NORMAL,BUILTIN_EARPIECE
AAWAZ_DIAG,186809113,453.8,1672,-37.2,0.001,320,IDLE,NORMAL,BUILTIN_EARPIECE
AAWAZ_DIAG,186809616,496.8,2047,-36.4,0.002,320,IDLE,NORMAL,BUILTIN_EARPIECE
AAWAZ_DIAG,186810116,637.6,2311,-34.2,0.000,320,IDLE,NORMAL,BUILTIN_EARPIECE
AAWAZ_DIAG,186810616,441.0,1674,-37.4,0.001,320,IDLE,NORMAL,BUILTIN_EARPIECE
AAWAZ_DIAG,186811111,654.9,3038,-34.0,0.001,320,IDLE,NORMAL,BUILTIN_EARPIECE
AAWAZ_DIAG,186811616,669.4,2284,-33.8,0.001,320,IDLE,NORMAL,BUILTIN_EARPIECE
AAWAZ_DIAG,186812115,757.6,2614,-32.7,0.001,320,IDLE,NORMAL,BUILTIN_EARPIECE
AAWAZ_DIAG,186812614,632.4,2550,-34.3,0.001,320,IDLE,NORMAL,BUILTIN_EARPIECE
AAWAZ_DIAG,186813115,605.3,2545,-34.7,0.001,320,IDLE,NORMAL,BUILTIN_EARPIECE
AAWAZ_DIAG,186813614,422.4,1792,-37.8,0.001,320,IDLE,NORMAL,BUILTIN_EARPIECE
AAWAZ_DIAG,186814113,500.5,2255,-36.3,0.000,320,IDLE,NORMAL,BUILTIN_EARPIECE
AAWAZ_DIAG,186814614,416.9,1687,-37.9,0.002,320,IDLE,NORMAL,BUILTIN_EARPIECE
AAWAZ_DIAG,186815112,496.3,1845,-36.4,0.001,320,IDLE,NORMAL,BUILTIN_EARPIECE
AAWAZ_DIAG,186815613,647.7,3034,-34.1,0.001,320,IDLE,NORMAL,BUILTIN_EARPIECE
AAWAZ_DIAG,186816110,665.1,2412,-33.9,0.001,320,IDLE,NORMAL,BUILTIN_EARPIECE
AAWAZ_DIAG,186816607,684.4,2390,-33.6,0.000,320,IDLE,NORMAL,BUILTIN_EARPIECE
AAWAZ_DIAG,186817106,641.4,2588,-34.2,0.001,320,IDLE,NORMAL,BUILTIN_EARPIECE
AAWAZ_DIAG,186817608,595.3,2232,-34.8,0.001,320,IDLE,NORMAL,BUILTIN_EARPIECE
AAWAZ_DIAG,186818106,724.2,2626,-33.1,0.000,320,IDLE,NORMAL,BUILTIN_EARPIECE
AAWAZ_DIAG,186818606,581.7,2140,-35.0,0.001,320,IDLE,NORMAL,BUILTIN_EARPIECE
AAWAZ_DIAG,186819108,508.6,1700,-36.2,0.001,320,IDLE,NORMAL,BUILTIN_EARPIECE
AAWAZ_DIAG,186819606,578.8,2013,-35.1,0.001,320,IDLE,NORMAL,BUILTIN_EARPIECE
AAWAZ_DIAG,186820106,573.6,2220,-35.1,0.001,320,IDLE,NORMAL,BUILTIN_EARPIECE
AAWAZ_DIAG,186820605,666.6,2164,-33.8,0.000,320,IDLE,NORMAL,BUILTIN_EARPIECE
AAWAZ_DIAG,186821107,729.5,2618,-33.0,0.001,320,IDLE,NORMAL,BUILTIN_EARPIECE
AAWAZ_DIAG,186821607,745.7,3115,-32.9,0.000,320,IDLE,NORMAL,BUILTIN_EARPIECE
AAWAZ_DIAG,186822106,613.0,2272,-34.6,0.001,320,IDLE,NORMAL,BUILTIN_EARPIECE
AAWAZ_DIAG,186822612,673.1,2960,-33.7,0.000,320,IDLE,NORMAL,BUILTIN_EARPIECE
AAWAZ_DIAG,186823116,612.5,2404,-34.6,0.000,320,IDLE,NORMAL,BUILTIN_EARPIECE
AAWAZ_DIAG,186823616,854.4,4015,-31.7,0.000,320,IDLE,NORMAL,BUILTIN_EARPIECE
AAWAZ_DIAG,186824115,565.9,2451,-35.3,0.001,320,IDLE,NORMAL,BUILTIN_EARPIECE
AAWAZ_DIAG,186824615,600.9,3070,-34.7,0.001,320,IDLE,NORMAL,BUILTIN_EARPIECE
AAWAZ_DIAG,186825116,612.7,2070,-34.6,0.001,320,IDLE,NORMAL,BUILTIN_EARPIECE
AAWAZ_DIAG,186825613,741.1,2478,-32.9,0.001,320,IDLE,NORMAL,BUILTIN_EARPIECE
AAWAZ_DIAG,186826115,500.7,1957,-36.3,0.001,320,IDLE,NORMAL,BUILTIN_EARPIECE
AAWAZ_DIAG,186826614,639.8,2468,-34.2,0.001,320,IDLE,NORMAL,BUILTIN_EARPIECE
AAWAZ_DIAG,186827117,476.6,1775,-36.7,0.001,320,IDLE,NORMAL,BUILTIN_EARPIECE
AAWAZ_DIAG,186827614,591.7,2035,-34.9,0.001,320,IDLE,NORMAL,BUILTIN_EARPIECE
AAWAZ_DIAG,186828114,522.7,1883,-35.9,0.001,320,IDLE,NORMAL,BUILTIN_EARPIECE
AAWAZ_DIAG,186828616,586.7,2312,-34.9,0.000,320,IDLE,NORMAL,BUILTIN_EARPIECE
AAWAZ_DIAG,186829113,732.7,3081,-33.0,0.001,320,IDLE,NORMAL,BUILTIN_EARPIECE
AAWAZ_DIAG,186829609,657.6,2172,-33.9,0.000,320,IDLE,NORMAL,BUILTIN_EARPIECE
AAWAZ_DIAG,186830117,666.2,2430,-33.8,0.001,320,IDLE,NORMAL,BUILTIN_EARPIECE
AAWAZ_DIAG,186830614,629.8,2652,-34.3,0.000,320,IDLE,NORMAL,BUILTIN_EARPIECE
AAWAZ_DIAG,186831114,725.0,2789,-33.1,0.001,320,IDLE,NORMAL,BUILTIN_EARPIECE
AAWAZ_DIAG,186831614,581.2,3123,-35.0,0.001,320,IDLE,NORMAL,BUILTIN_EARPIECE
AAWAZ_DIAG,186832119,853.2,3039,-31.7,0.001,320,IDLE,NORMAL,BUILTIN_EARPIECE
AAWAZ_DIAG,186832615,928.0,3745,-31.0,0.000,320,IDLE,NORMAL,BUILTIN_EARPIECE
AAWAZ_DIAG,186833111,813.9,3683,-32.1,0.001,320,IDLE,NORMAL,BUILTIN_EARPIECE
AAWAZ_DIAG,186833616,1343.9,5922,-27.7,0.001,320,IDLE,NORMAL,BUILTIN_EARPIECE
AAWAZ_DIAG,186834112,877.9,3160,-31.4,0.001,320,IDLE,NORMAL,BUILTIN_EARPIECE
AAWAZ_DIAG,186834614,763.1,3196,-32.7,0.000,320,IDLE,NORMAL,BUILTIN_EARPIECE
AAWAZ_DIAG,186835116,735.9,2828,-33.0,0.001,320,IDLE,NORMAL,BUILTIN_EARPIECE
AAWAZ_DIAG,186835613,585.1,2472,-35.0,0.000,320,IDLE,NORMAL,BUILTIN_EARPIECE
AAWAZ_DIAG,186836113,664.4,2399,-33.9,0.001,320,IDLE,NORMAL,BUILTIN_EARPIECE
AAWAZ_DIAG,186836614,531.7,2866,-35.8,0.001,320,IDLE,NORMAL,BUILTIN_EARPIECE
AAWAZ_DIAG,186837114,564.6,1974,-35.3,0.001,320,IDLE,NORMAL,BUILTIN_EARPIECE
AAWAZ_DIAG,186837613,548.1,2532,-35.5,0.000,320,IDLE,NORMAL,BUILTIN_EARPIECE
AAWAZ_DIAG,186838115,564.6,2090,-35.3,0.001,320,IDLE,NORMAL,BUILTIN_EARPIECE
AAWAZ_DIAG,186838614,554.1,2148,-35.4,0.001,320,IDLE,NORMAL,BUILTIN_EARPIECE
AAWAZ_DIAG,186839114,628.4,2594,-34.3,0.001,320,IDLE,NORMAL,BUILTIN_EARPIECE
AAWAZ_DIAG,186839614,688.4,2545,-33.6,0.001,320,IDLE,NORMAL,BUILTIN_EARPIECE
AAWAZ_DIAG,186840113,647.2,2621,-34.1,0.001,320,IDLE,NORMAL,BUILTIN_EARPIECE
AAWAZ_DIAG,186840615,751.4,2442,-32.8,0.000,320,IDLE,NORMAL,BUILTIN_EARPIECE
AAWAZ_DIAG,204495160,0.0,0,-999.0,1.000,320,IDLE,IN_COMMUNICATION,BLUETOOTH_SCO
AAWAZ_DIAG,204495660,0.0,0,-999.0,1.000,320,IDLE,IN_COMMUNICATION,BLUETOOTH_SCO
AAWAZ_DIAG,204496167,0.0,0,-999.0,1.000,320,IDLE,IN_COMMUNICATION,BLUETOOTH_SCO
AAWAZ_DIAG,204496664,0.0,0,-999.0,1.000,320,IDLE,IN_COMMUNICATION,BLUETOOTH_SCO
AAWAZ_DIAG,204497163,0.0,0,-999.0,1.000,320,IDLE,IN_COMMUNICATION,BLUETOOTH_SCO
AAWAZ_DIAG,204497651,0.0,0,-999.0,1.000,320,IDLE,IN_COMMUNICATION,BLUETOOTH_SCO
AAWAZ_DIAG,204498151,0.0,0,-999.0,1.000,320,IDLE,IN_COMMUNICATION,BLUETOOTH_SCO
AAWAZ_DIAG,204498655,0.0,0,-999.0,1.000,320,IDLE,IN_COMMUNICATION,BLUETOOTH_SCO
AAWAZ_DIAG,204499158,0.0,0,-999.0,1.000,320,IDLE,IN_COMMUNICATION,BLUETOOTH_SCO
AAWAZ_DIAG,204499638,0.0,0,-999.0,1.000,320,IDLE,IN_COMMUNICATION,BLUETOOTH_SCO
AAWAZ_DIAG,204500136,0.0,0,-999.0,1.000,320,IDLE,IN_COMMUNICATION,BLUETOOTH_SCO
AAWAZ_DIAG,204500634,0.0,0,-999.0,1.000,320,IDLE,IN_COMMUNICATION,BLUETOOTH_SCO
AAWAZ_DIAG,204501137,0.0,0,-999.0,1.000,320,IDLE,IN_COMMUNICATION,BLUETOOTH_SCO
AAWAZ_DIAG,204501639,0.0,0,-999.0,1.000,320,IDLE,IN_COMMUNICATION,BLUETOOTH_SCO
AAWAZ_DIAG,204502138,0.0,0,-999.0,1.000,320,IDLE,IN_COMMUNICATION,BLUETOOTH_SCO
AAWAZ_DIAG,204502637,0.0,0,-999.0,1.000,320,IDLE,IN_COMMUNICATION,BLUETOOTH_SCO
AAWAZ_DIAG,204503135,0.0,0,-999.0,1.000,320,IDLE,IN_COMMUNICATION,BLUETOOTH_SCO
AAWAZ_DIAG,204503637,0.0,0,-999.0,1.000,320,IDLE,IN_COMMUNICATION,BLUETOOTH_SCO
AAWAZ_DIAG,204504136,0.0,0,-999.0,1.000,320,IDLE,IN_COMMUNICATION,BLUETOOTH_SCO
AAWAZ_DIAG,204504636,0.0,0,-999.0,1.000,320,IDLE,IN_COMMUNICATION,BLUETOOTH_SCO
AAWAZ_DIAG,204505136,0.0,0,-999.0,1.000,320,IDLE,IN_COMMUNICATION,BLUETOOTH_SCO
AAWAZ_DIAG,204505639,0.0,0,-999.0,1.000,320,IDLE,IN_COMMUNICATION,BLUETOOTH_SCO
AAWAZ_DIAG,204506137,0.0,0,-999.0,1.000,320,IDLE,IN_COMMUNICATION,BLUETOOTH_SCO
AAWAZ_DIAG,204506639,0.0,0,-999.0,1.000,320,IDLE,IN_COMMUNICATION,BLUETOOTH_SCO
AAWAZ_DIAG,204507138,0.0,0,-999.0,1.000,320,IDLE,IN_COMMUNICATION,BLUETOOTH_SCO
AAWAZ_DIAG,204507638,0.0,0,-999.0,1.000,320,IDLE,IN_COMMUNICATION,BLUETOOTH_SCO
AAWAZ_DIAG,204508136,0.0,0,-999.0,1.000,320,IDLE,IN_COMMUNICATION,BLUETOOTH_SCO
AAWAZ_DIAG,204508635,0.0,0,-999.0,1.000,320,IDLE,IN_COMMUNICATION,BLUETOOTH_SCO
AAWAZ_DIAG,204509133,0.0,0,-999.0,1.000,320,IDLE,IN_COMMUNICATION,BLUETOOTH_SCO
AAWAZ_DIAG,204509634,0.0,0,-999.0,1.000,320,IDLE,IN_COMMUNICATION,BLUETOOTH_SCO
AAWAZ_DIAG,204510136,0.0,0,-999.0,1.000,320,IDLE,IN_COMMUNICATION,BLUETOOTH_SCO
AAWAZ_DIAG,204510638,0.0,0,-999.0,1.000,320,IDLE,IN_COMMUNICATION,BLUETOOTH_SCO
AAWAZ_DIAG,204511137,0.0,0,-999.0,1.000,320,IDLE,IN_COMMUNICATION,BLUETOOTH_SCO
AAWAZ_DIAG,204511637,0.0,0,-999.0,1.000,320,IDLE,IN_COMMUNICATION,BLUETOOTH_SCO
AAWAZ_DIAG,204512138,0.0,0,-999.0,1.000,320,IDLE,IN_COMMUNICATION,BLUETOOTH_SCO
AAWAZ_DIAG,204512635,0.0,0,-999.0,1.000,320,IDLE,IN_COMMUNICATION,BLUETOOTH_SCO
AAWAZ_DIAG,204513136,0.0,0,-999.0,1.000,320,IDLE,IN_COMMUNICATION,BLUETOOTH_SCO
AAWAZ_DIAG,204513637,0.0,0,-999.0,1.000,320,IDLE,IN_COMMUNICATION,BLUETOOTH_SCO
AAWAZ_DIAG,204514138,0.0,0,-999.0,1.000,320,IDLE,IN_COMMUNICATION,BLUETOOTH_SCO
AAWAZ_DIAG,204514639,0.0,0,-999.0,1.000,320,IDLE,IN_COMMUNICATION,BLUETOOTH_SCO
AAWAZ_DIAG,204515138,0.0,0,-999.0,1.000,320,IDLE,IN_COMMUNICATION,BLUETOOTH_SCO
AAWAZ_DIAG,204515642,0.0,0,-999.0,1.000,320,IDLE,IN_COMMUNICATION,BLUETOOTH_SCO
AAWAZ_DIAG,204516138,0.0,0,-999.0,1.000,320,IDLE,IN_COMMUNICATION,BLUETOOTH_SCO
AAWAZ_DIAG,204516639,0.0,0,-999.0,1.000,320,IDLE,IN_COMMUNICATION,BLUETOOTH_SCO
AAWAZ_DIAG,204517139,0.0,0,-999.0,1.000,320,IDLE,IN_COMMUNICATION,BLUETOOTH_SCO
AAWAZ_DIAG,204517639,0.0,0,-999.0,1.000,320,IDLE,IN_COMMUNICATION,BLUETOOTH_SCO
AAWAZ_DIAG,204518138,0.0,0,-999.0,1.000,320,IDLE,IN_COMMUNICATION,BLUETOOTH_SCO
AAWAZ_DIAG,204518638,0.0,0,-999.0,1.000,320,IDLE,IN_COMMUNICATION,BLUETOOTH_SCO
AAWAZ_DIAG,204519138,0.0,0,-999.0,1.000,320,IDLE,IN_COMMUNICATION,BLUETOOTH_SCO
AAWAZ_DIAG,204519638,0.0,0,-999.0,1.000,320,IDLE,IN_COMMUNICATION,BLUETOOTH_SCO
AAWAZ_DIAG,204520139,0.0,0,-999.0,1.000,320,IDLE,IN_COMMUNICATION,BLUETOOTH_SCO
AAWAZ_DIAG,204520645,0.0,0,-999.0,1.000,320,IDLE,IN_COMMUNICATION,BLUETOOTH_SCO
AAWAZ_DIAG,204521136,0.0,0,-999.0,1.000,320,IDLE,IN_COMMUNICATION,BLUETOOTH_SCO
AAWAZ_DIAG,204521639,0.0,0,-999.0,1.000,320,IDLE,IN_COMMUNICATION,BLUETOOTH_SCO
AAWAZ_DIAG,204522136,0.0,0,-999.0,1.000,320,IDLE,IN_COMMUNICATION,BLUETOOTH_SCO
AAWAZ_DIAG,204522641,0.0,0,-999.0,1.000,320,IDLE,IN_COMMUNICATION,BLUETOOTH_SCO
AAWAZ_DIAG,204523139,0.0,0,-999.0,1.000,320,IDLE,IN_COMMUNICATION,BLUETOOTH_SCO
AAWAZ_DIAG,204523637,0.0,0,-999.0,1.000,320,IDLE,IN_COMMUNICATION,BLUETOOTH_SCO
AAWAZ_DIAG,204524135,0.0,0,-999.0,1.000,320,IDLE,IN_COMMUNICATION,BLUETOOTH_SCO
AAWAZ_DIAG,204524636,0.0,0,-999.0,1.000,320,IDLE,IN_COMMUNICATION,BLUETOOTH_SCO
AAWAZ_DIAG,204525134,0.0,0,-999.0,1.000,320,IDLE,IN_COMMUNICATION,BLUETOOTH_SCO
AAWAZ_DIAG,204525638,0.0,0,-999.0,1.000,320,IDLE,IN_COMMUNICATION,BLUETOOTH_SCO
AAWAZ_DIAG,204526140,0.0,0,-999.0,1.000,320,IDLE,IN_COMMUNICATION,BLUETOOTH_SCO
AAWAZ_DIAG,204526639,0.0,0,-999.0,1.000,320,IDLE,IN_COMMUNICATION,BLUETOOTH_SCO
AAWAZ_DIAG,204527138,0.0,0,-999.0,1.000,320,IDLE,IN_COMMUNICATION,BLUETOOTH_SCO
AAWAZ_DIAG,204527636,0.0,0,-999.0,1.000,320,IDLE,IN_COMMUNICATION,BLUETOOTH_SCO
AAWAZ_DIAG,204528137,0.0,0,-999.0,1.000,320,IDLE,IN_COMMUNICATION,BLUETOOTH_SCO
AAWAZ_DIAG,204528640,0.0,0,-999.0,1.000,320,IDLE,IN_COMMUNICATION,BLUETOOTH_SCO
AAWAZ_DIAG,204529138,0.0,0,-999.0,1.000,320,IDLE,IN_COMMUNICATION,BLUETOOTH_SCO
AAWAZ_DIAG,204529637,0.0,0,-999.0,1.000,320,IDLE,IN_COMMUNICATION,BLUETOOTH_SCO
AAWAZ_DIAG,204530138,0.0,0,-999.0,1.000,320,IDLE,IN_COMMUNICATION,BLUETOOTH_SCO
AAWAZ_DIAG,204530638,0.0,0,-999.0,1.000,320,IDLE,IN_COMMUNICATION,BLUETOOTH_SCO
AAWAZ_DIAG,204531138,0.0,0,-999.0,1.000,320,IDLE,IN_COMMUNICATION,BLUETOOTH_SCO
AAWAZ_DIAG,204531637,0.0,0,-999.0,1.000,320,IDLE,IN_COMMUNICATION,BLUETOOTH_SCO
AAWAZ_DIAG,204532140,0.0,0,-999.0,1.000,320,IDLE,IN_COMMUNICATION,BLUETOOTH_SCO
AAWAZ_DIAG,204532638,0.0,0,-999.0,1.000,320,IDLE,IN_COMMUNICATION,BLUETOOTH_SCO
AAWAZ_DIAG,204533147,0.0,0,-999.0,1.000,320,IDLE,IN_COMMUNICATION,BLUETOOTH_SCO
AAWAZ_DIAG,204533636,0.0,0,-999.0,1.000,320,IDLE,IN_COMMUNICATION,BLUETOOTH_SCO
AAWAZ_DIAG,204534141,0.0,0,-999.0,1.000,320,IDLE,IN_COMMUNICATION,BLUETOOTH_SCO
AAWAZ_DIAG,204534638,0.0,0,-999.0,1.000,320,IDLE,IN_COMMUNICATION,BLUETOOTH_SCO
AAWAZ_DIAG,204535134,0.0,0,-999.0,1.000,320,IDLE,IN_COMMUNICATION,BLUETOOTH_SCO
AAWAZ_DIAG,204535635,0.0,0,-999.0,1.000,320,IDLE,IN_COMMUNICATION,BLUETOOTH_SCO
AAWAZ_DIAG,204536135,0.0,0,-999.0,1.000,320,IDLE,IN_COMMUNICATION,BLUETOOTH_SCO
AAWAZ_DIAG,204536636,0.0,0,-999.0,1.000,320,IDLE,IN_COMMUNICATION,BLUETOOTH_SCO
AAWAZ_DIAG,204537145,0.0,0,-999.0,1.000,320,IDLE,IN_COMMUNICATION,BLUETOOTH_SCO
AAWAZ_DIAG,204537638,0.0,0,-999.0,1.000,320,IDLE,IN_COMMUNICATION,BLUETOOTH_SCO
AAWAZ_DIAG,204538139,0.0,0,-999.0,1.000,320,IDLE,IN_COMMUNICATION,BLUETOOTH_SCO
AAWAZ_DIAG,204538636,0.0,0,-999.0,1.000,320,IDLE,IN_COMMUNICATION,BLUETOOTH_SCO
AAWAZ_DIAG,204539136,0.0,0,-999.0,1.000,320,IDLE,IN_COMMUNICATION,BLUETOOTH_SCO
AAWAZ_DIAG,204539635,0.0,0,-999.0,1.000,320,IDLE,IN_COMMUNICATION,BLUETOOTH_SCO
AAWAZ_DIAG,204540134,0.0,0,-999.0,1.000,320,IDLE,IN_COMMUNICATION,BLUETOOTH_SCO
AAWAZ_DIAG,204540639,0.0,0,-999.0,1.000,320,IDLE,IN_COMMUNICATION,BLUETOOTH_SCO
AAWAZ_DIAG,204541140,0.0,0,-999.0,1.000,320,IDLE,IN_COMMUNICATION,BLUETOOTH_SCO
AAWAZ_DIAG,204541638,0.0,0,-999.0,1.000,320,IDLE,IN_COMMUNICATION,BLUETOOTH_SCO
AAWAZ_DIAG,204542138,0.0,0,-999.0,1.000,320,IDLE,IN_COMMUNICATION,BLUETOOTH_SCO
AAWAZ_DIAG,204542639,0.0,0,-999.0,1.000,320,IDLE,IN_COMMUNICATION,BLUETOOTH_SCO
AAWAZ_DIAG,204543137,0.0,0,-999.0,1.000,320,IDLE,IN_COMMUNICATION,BLUETOOTH_SCO
AAWAZ_DIAG,204543637,0.0,0,-999.0,1.000,320,IDLE,IN_COMMUNICATION,BLUETOOTH_SCO
AAWAZ_DIAG,204544138,0.0,0,-999.0,1.000,320,IDLE,IN_COMMUNICATION,BLUETOOTH_SCO
AAWAZ_DIAG,204544634,0.0,0,-999.0,1.000,320,IDLE,IN_COMMUNICATION,BLUETOOTH_SCO
AAWAZ_DIAG,204545136,0.0,0,-999.0,1.000,320,IDLE,IN_COMMUNICATION,BLUETOOTH_SCO
AAWAZ_DIAG,204545635,0.0,0,-999.0,1.000,320,IDLE,IN_COMMUNICATION,BLUETOOTH_SCO
AAWAZ_DIAG,204546132,0.0,0,-999.0,1.000,320,IDLE,IN_COMMUNICATION,BLUETOOTH_SCO
AAWAZ_DIAG,204546634,0.0,0,-999.0,1.000,320,IDLE,IN_COMMUNICATION,BLUETOOTH_SCO
AAWAZ_DIAG,204547136,0.0,0,-999.0,1.000,320,IDLE,IN_COMMUNICATION,BLUETOOTH_SCO
AAWAZ_DIAG,204547636,0.0,0,-999.0,1.000,320,IDLE,IN_COMMUNICATION,BLUETOOTH_SCO
AAWAZ_DIAG,204548136,0.0,0,-999.0,1.000,320,IDLE,IN_COMMUNICATION,BLUETOOTH_SCO
AAWAZ_DIAG,204548637,0.0,0,-999.0,1.000,320,IDLE,IN_COMMUNICATION,BLUETOOTH_SCO
AAWAZ_DIAG,204549137,0.0,0,-999.0,1.000,320,IDLE,IN_COMMUNICATION,BLUETOOTH_SCO
AAWAZ_DIAG,204549636,0.0,0,-999.0,1.000,320,IDLE,IN_COMMUNICATION,BLUETOOTH_SCO
AAWAZ_DIAG,204550137,0.0,0,-999.0,1.000,320,IDLE,IN_COMMUNICATION,BLUETOOTH_SCO
AAWAZ_DIAG,204550636,0.0,0,-999.0,1.000,320,IDLE,IN_COMMUNICATION,BLUETOOTH_SCO
AAWAZ_DIAG,204551137,0.0,0,-999.0,1.000,320,IDLE,IN_COMMUNICATION,BLUETOOTH_SCO
AAWAZ_DIAG,204551640,0.0,0,-999.0,1.000,320,IDLE,IN_COMMUNICATION,BLUETOOTH_SCO
AAWAZ_DIAG,204552134,0.0,0,-999.0,1.000,320,IDLE,IN_COMMUNICATION,BLUETOOTH_SCO
AAWAZ_DIAG,204552636,0.0,0,-999.0,1.000,320,IDLE,IN_COMMUNICATION,BLUETOOTH_SCO
AAWAZ_DIAG,204553137,0.0,0,-999.0,1.000,320,IDLE,IN_COMMUNICATION,BLUETOOTH_SCO
AAWAZ_DIAG,204553634,0.0,0,-999.0,1.000,320,IDLE,IN_COMMUNICATION,BLUETOOTH_SCO
AAWAZ_DIAG,204554138,0.0,0,-999.0,1.000,320,IDLE,IN_COMMUNICATION,BLUETOOTH_SCO
AAWAZ_DIAG,204554634,0.0,0,-999.0,1.000,320,IDLE,IN_COMMUNICATION,BLUETOOTH_SCO
AAWAZ_DIAG,204555134,0.0,0,-999.0,1.000,320,IDLE,IN_COMMUNICATION,BLUETOOTH_SCO
AAWAZ_DIAG,204555633,0.0,0,-999.0,1.000,320,IDLE,IN_COMMUNICATION,BLUETOOTH_SCO
AAWAZ_DIAG,204556138,0.0,0,-999.0,1.000,320,IDLE,IN_COMMUNICATION,BLUETOOTH_SCO
AAWAZ_DIAG,204556636,0.0,0,-999.0,1.000,320,IDLE,IN_COMMUNICATION,BLUETOOTH_SCO
AAWAZ_DIAG,204557138,0.0,0,-999.0,1.000,320,IDLE,IN_COMMUNICATION,BLUETOOTH_SCO
AAWAZ_DIAG,204557637,0.0,0,-999.0,1.000,320,IDLE,IN_COMMUNICATION,BLUETOOTH_SCO
AAWAZ_DIAG,204558134,0.0,0,-999.0,1.000,320,IDLE,IN_COMMUNICATION,BLUETOOTH_SCO
AAWAZ_DIAG,204558635,0.0,0,-999.0,1.000,320,IDLE,IN_COMMUNICATION,BLUETOOTH_SCO
AAWAZ_DIAG,204559135,0.0,0,-999.0,1.000,320,IDLE,IN_COMMUNICATION,BLUETOOTH_SCO
AAWAZ_DIAG,204559635,0.0,0,-999.0,1.000,320,IDLE,IN_COMMUNICATION,BLUETOOTH_SCO
AAWAZ_DIAG,204560135,0.0,0,-999.0,1.000,320,IDLE,IN_COMMUNICATION,BLUETOOTH_SCO
AAWAZ_DIAG,204560636,0.0,0,-999.0,1.000,320,IDLE,IN_COMMUNICATION,BLUETOOTH_SCO
AAWAZ_DIAG,204561134,0.0,0,-999.0,1.000,320,IDLE,IN_COMMUNICATION,BLUETOOTH_SCO
AAWAZ_DIAG,204561774,0.0,0,-999.0,1.000,320,IDLE,IN_COMMUNICATION,BLUETOOTH_SCO
AAWAZ_DIAG,204562134,0.0,0,-999.0,1.000,320,IDLE,IN_COMMUNICATION,BLUETOOTH_SCO
AAWAZ_DIAG,204562635,0.0,0,-999.0,1.000,320,IDLE,IN_COMMUNICATION,BLUETOOTH_SCO
AAWAZ_DIAG,204563138,0.0,0,-999.0,1.000,320,IDLE,IN_COMMUNICATION,BLUETOOTH_SCO
AAWAZ_DIAG,204563636,0.0,0,-999.0,1.000,320,IDLE,IN_COMMUNICATION,BLUETOOTH_SCO
AAWAZ_DIAG,204564136,0.0,0,-999.0,1.000,320,IDLE,IN_COMMUNICATION,BLUETOOTH_SCO
AAWAZ_DIAG,204564638,0.0,0,-999.0,1.000,320,IDLE,IN_COMMUNICATION,BLUETOOTH_SCO
AAWAZ_DIAG,204565137,0.0,0,-999.0,1.000,320,IDLE,IN_COMMUNICATION,BLUETOOTH_SCO
AAWAZ_DIAG,204565639,0.0,0,-999.0,1.000,320,IDLE,IN_COMMUNICATION,BLUETOOTH_SCO
AAWAZ_DIAG,204566138,0.0,0,-999.0,1.000,320,IDLE,IN_COMMUNICATION,BLUETOOTH_SCO
AAWAZ_DIAG,204566636,0.0,0,-999.0,1.000,320,IDLE,IN_COMMUNICATION,BLUETOOTH_SCO
AAWAZ_DIAG,204567136,0.0,0,-999.0,1.000,320,IDLE,IN_COMMUNICATION,BLUETOOTH_SCO
AAWAZ_DIAG,204567637,0.0,0,-999.0,1.000,320,IDLE,IN_COMMUNICATION,BLUETOOTH_SCO
AAWAZ_DIAG,204568137,0.0,0,-999.0,1.000,320,IDLE,IN_COMMUNICATION,BLUETOOTH_SCO
AAWAZ_DIAG,204568635,0.0,0,-999.0,1.000,320,IDLE,IN_COMMUNICATION,BLUETOOTH_SCO
AAWAZ_DIAG,204569137,0.0,0,-999.0,1.000,320,IDLE,IN_COMMUNICATION,BLUETOOTH_SCO
AAWAZ_DIAG,204569637,0.0,0,-999.0,1.000,320,IDLE,IN_COMMUNICATION,BLUETOOTH_SCO
AAWAZ_DIAG,204570136,0.0,0,-999.0,1.000,320,IDLE,IN_COMMUNICATION,BLUETOOTH_SCO
AAWAZ_DIAG,204570638,0.0,0,-999.0,1.000,320,IDLE,IN_COMMUNICATION,BLUETOOTH_SCO
AAWAZ_DIAG,204571138,0.0,0,-999.0,1.000,320,IDLE,IN_COMMUNICATION,BLUETOOTH_SCO
AAWAZ_DIAG,204571642,0.0,0,-999.0,1.000,320,IDLE,IN_COMMUNICATION,BLUETOOTH_SCO
AAWAZ_DIAG,204572138,0.0,0,-999.0,1.000,320,IDLE,IN_COMMUNICATION,BLUETOOTH_SCO
AAWAZ_DIAG,204572638,0.0,0,-999.0,1.000,320,IDLE,IN_COMMUNICATION,BLUETOOTH_SCO
AAWAZ_DIAG,204573139,0.0,0,-999.0,1.000,320,IDLE,IN_COMMUNICATION,BLUETOOTH_SCO
AAWAZ_DIAG,204573637,0.0,0,-999.0,1.000,320,IDLE,IN_COMMUNICATION,BLUETOOTH_SCO
AAWAZ_DIAG,204574134,0.0,0,-999.0,1.000,320,IDLE,IN_COMMUNICATION,BLUETOOTH_SCO
AAWAZ_DIAG,204574633,0.0,0,-999.0,1.000,320,IDLE,IN_COMMUNICATION,BLUETOOTH_SCO
AAWAZ_DIAG,204575133,0.0,0,-999.0,1.000,320,IDLE,IN_COMMUNICATION,BLUETOOTH_SCO
AAWAZ_DIAG,204575634,0.0,0,-999.0,1.000,320,IDLE,IN_COMMUNICATION,BLUETOOTH_SCO
AAWAZ_DIAG,204576135,0.0,0,-999.0,1.000,320,IDLE,IN_COMMUNICATION,BLUETOOTH_SCO
AAWAZ_DIAG,204576635,0.0,0,-999.0,1.000,320,IDLE,IN_COMMUNICATION,BLUETOOTH_SCO
AAWAZ_DIAG,204577136,0.0,0,-999.0,1.000,320,IDLE,IN_COMMUNICATION,BLUETOOTH_SCO
AAWAZ_DIAG,204577634,0.0,0,-999.0,1.000,320,IDLE,IN_COMMUNICATION,BLUETOOTH_SCO
AAWAZ_DIAG,204578135,0.0,0,-999.0,1.000,320,IDLE,IN_COMMUNICATION,BLUETOOTH_SCO
AAWAZ_DIAG,204578637,0.0,0,-999.0,1.000,320,IDLE,IN_COMMUNICATION,BLUETOOTH_SCO
AAWAZ_DIAG,204579136,0.0,0,-999.0,1.000,320,IDLE,IN_COMMUNICATION,BLUETOOTH_SCO
AAWAZ_DIAG,204579637,0.0,0,-999.0,1.000,320,IDLE,IN_COMMUNICATION,BLUETOOTH_SCO
AAWAZ_DIAG,204580137,0.0,0,-999.0,1.000,320,IDLE,IN_COMMUNICATION,BLUETOOTH_SCO
AAWAZ_DIAG,204580638,0.0,0,-999.0,1.000,320,IDLE,IN_COMMUNICATION,BLUETOOTH_SCO
AAWAZ_DIAG,204581136,0.0,0,-999.0,1.000,320,IDLE,IN_COMMUNICATION,BLUETOOTH_SCO
AAWAZ_DIAG,204581635,0.0,0,-999.0,1.000,320,IDLE,IN_COMMUNICATION,BLUETOOTH_SCO
AAWAZ_DIAG,204582137,0.0,0,-999.0,1.000,320,IDLE,IN_COMMUNICATION,BLUETOOTH_SCO
AAWAZ_DIAG,204582634,0.0,0,-999.0,1.000,320,IDLE,IN_COMMUNICATION,BLUETOOTH_SCO
AAWAZ_DIAG,204583136,0.0,0,-999.0,1.000,320,IDLE,IN_COMMUNICATION,BLUETOOTH_SCO
AAWAZ_DIAG,204583636,0.0,0,-999.0,1.000,320,IDLE,IN_COMMUNICATION,BLUETOOTH_SCO
AAWAZ_DIAG,204584137,0.0,0,-999.0,1.000,320,IDLE,IN_COMMUNICATION,BLUETOOTH_SCO
AAWAZ_DIAG,204584636,0.0,0,-999.0,1.000,320,IDLE,IN_COMMUNICATION,BLUETOOTH_SCO
AAWAZ_DIAG,204585136,0.0,0,-999.0,1.000,320,IDLE,IN_COMMUNICATION,BLUETOOTH_SCO
AAWAZ_DIAG,204585636,0.0,0,-999.0,1.000,320,IDLE,IN_COMMUNICATION,BLUETOOTH_SCO
AAWAZ_DIAG,204586137,0.0,0,-999.0,1.000,320,IDLE,IN_COMMUNICATION,BLUETOOTH_SCO
AAWAZ_DIAG,204586634,0.0,0,-999.0,1.000,320,IDLE,IN_COMMUNICATION,BLUETOOTH_SCO
AAWAZ_DIAG,204587137,0.0,0,-999.0,1.000,320,IDLE,IN_COMMUNICATION,BLUETOOTH_SCO
AAWAZ_DIAG,204587636,0.0,0,-999.0,1.000,320,IDLE,IN_COMMUNICATION,BLUETOOTH_SCO
AAWAZ_DIAG,204588135,0.0,0,-999.0,1.000,320,IDLE,IN_COMMUNICATION,BLUETOOTH_SCO
AAWAZ_DIAG,204588636,0.0,0,-999.0,1.000,320,IDLE,IN_COMMUNICATION,BLUETOOTH_SCO
AAWAZ_DIAG,204589136,0.0,0,-999.0,1.000,320,IDLE,IN_COMMUNICATION,BLUETOOTH_SCO
AAWAZ_DIAG,204589636,0.0,0,-999.0,1.000,320,IDLE,IN_COMMUNICATION,BLUETOOTH_SCO
AAWAZ_DIAG,204590136,0.0,0,-999.0,1.000,320,IDLE,IN_COMMUNICATION,BLUETOOTH_SCO
AAWAZ_DIAG,204590637,0.0,0,-999.0,1.000,320,IDLE,IN_COMMUNICATION,BLUETOOTH_SCO
AAWAZ_DIAG,204591136,0.0,0,-999.0,1.000,320,IDLE,IN_COMMUNICATION,BLUETOOTH_SCO
AAWAZ_DIAG,204591636,0.0,0,-999.0,1.000,320,IDLE,IN_COMMUNICATION,BLUETOOTH_SCO
AAWAZ_DIAG,204592136,0.0,0,-999.0,1.000,320,IDLE,IN_COMMUNICATION,BLUETOOTH_SCO
AAWAZ_DIAG,204592634,0.0,0,-999.0,1.000,320,IDLE,IN_COMMUNICATION,BLUETOOTH_SCO
AAWAZ_DIAG,204593135,0.0,0,-999.0,1.000,320,IDLE,IN_COMMUNICATION,BLUETOOTH_SCO
AAWAZ_DIAG,204593635,0.0,0,-999.0,1.000,320,IDLE,IN_COMMUNICATION,BLUETOOTH_SCO
AAWAZ_DIAG,204594135,0.0,0,-999.0,1.000,320,IDLE,IN_COMMUNICATION,BLUETOOTH_SCO
AAWAZ_DIAG,204594637,0.0,0,-999.0,1.000,320,IDLE,IN_COMMUNICATION,BLUETOOTH_SCO
AAWAZ_DIAG,204595136,0.0,0,-999.0,1.000,320,IDLE,IN_COMMUNICATION,BLUETOOTH_SCO
AAWAZ_DIAG,204595638,0.0,0,-999.0,1.000,320,IDLE,IN_COMMUNICATION,BLUETOOTH_SCO
AAWAZ_DIAG,204596136,0.0,0,-999.0,1.000,320,IDLE,IN_COMMUNICATION,BLUETOOTH_SCO
AAWAZ_DIAG,204596636,0.0,0,-999.0,1.000,320,IDLE,IN_COMMUNICATION,BLUETOOTH_SCO
AAWAZ_DIAG,204597135,0.0,0,-999.0,1.000,320,IDLE,IN_COMMUNICATION,BLUETOOTH_SCO
AAWAZ_DIAG,204597638,0.0,0,-999.0,1.000,320,IDLE,IN_COMMUNICATION,BLUETOOTH_SCO
AAWAZ_DIAG,204598136,0.0,0,-999.0,1.000,320,IDLE,IN_COMMUNICATION,BLUETOOTH_SCO
AAWAZ_DIAG,204598638,0.0,0,-999.0,1.000,320,IDLE,IN_COMMUNICATION,BLUETOOTH_SCO
AAWAZ_DIAG,204599136,0.0,0,-999.0,1.000,320,IDLE,IN_COMMUNICATION,BLUETOOTH_SCO
AAWAZ_DIAG,204599634,0.0,0,-999.0,1.000,320,IDLE,IN_COMMUNICATION,BLUETOOTH_SCO
AAWAZ_DIAG,204600137,0.0,0,-999.0,1.000,320,IDLE,IN_COMMUNICATION,BLUETOOTH_SCO
AAWAZ_DIAG,204600636,0.0,0,-999.0,1.000,320,IDLE,IN_COMMUNICATION,BLUETOOTH_SCO
AAWAZ_DIAG,204601136,0.0,0,-999.0,1.000,320,IDLE,IN_COMMUNICATION,BLUETOOTH_SCO
AAWAZ_DIAG,204601636,0.0,0,-999.0,1.000,320,IDLE,IN_COMMUNICATION,BLUETOOTH_SCO
AAWAZ_DIAG,204602137,0.0,0,-999.0,1.000,320,IDLE,IN_COMMUNICATION,BLUETOOTH_SCO
AAWAZ_DIAG,204602637,0.0,0,-999.0,1.000,320,IDLE,IN_COMMUNICATION,BLUETOOTH_SCO
AAWAZ_DIAG,204603136,0.0,0,-999.0,1.000,320,IDLE,IN_COMMUNICATION,BLUETOOTH_SCO
AAWAZ_DIAG,204603635,0.0,0,-999.0,1.000,320,IDLE,IN_COMMUNICATION,BLUETOOTH_SCO
AAWAZ_DIAG,204604136,0.0,0,-999.0,1.000,320,IDLE,IN_COMMUNICATION,BLUETOOTH_SCO
AAWAZ_DIAG,204604637,0.0,0,-999.0,1.000,320,IDLE,IN_COMMUNICATION,BLUETOOTH_SCO
AAWAZ_DIAG,204605138,0.0,0,-999.0,1.000,320,IDLE,IN_COMMUNICATION,BLUETOOTH_SCO
AAWAZ_DIAG,204605637,0.0,0,-999.0,1.000,320,IDLE,IN_COMMUNICATION,BLUETOOTH_SCO
AAWAZ_DIAG,204606137,0.0,0,-999.0,1.000,320,IDLE,IN_COMMUNICATION,BLUETOOTH_SCO
AAWAZ_DIAG,204606636,0.0,0,-999.0,1.000,320,IDLE,IN_COMMUNICATION,BLUETOOTH_SCO
AAWAZ_DIAG,204607137,0.0,0,-999.0,1.000,320,IDLE,IN_COMMUNICATION,BLUETOOTH_SCO
AAWAZ_DIAG,204607636,0.0,0,-999.0,1.000,320,IDLE,IN_COMMUNICATION,BLUETOOTH_SCO
AAWAZ_DIAG,204608136,0.0,0,-999.0,1.000,320,IDLE,IN_COMMUNICATION,BLUETOOTH_SCO
AAWAZ_DIAG,204608637,0.0,0,-999.0,1.000,320,IDLE,IN_COMMUNICATION,BLUETOOTH_SCO
AAWAZ_DIAG,204609136,0.0,0,-999.0,1.000,320,IDLE,IN_COMMUNICATION,BLUETOOTH_SCO
AAWAZ_DIAG,204609635,0.0,0,-999.0,1.000,320,IDLE,IN_COMMUNICATION,BLUETOOTH_SCO
AAWAZ_DIAG,204610135,0.0,0,-999.0,1.000,320,IDLE,IN_COMMUNICATION,BLUETOOTH_SCO
AAWAZ_DIAG,204610637,0.0,0,-999.0,1.000,320,IDLE,IN_COMMUNICATION,BLUETOOTH_SCO
AAWAZ_DIAG,204611136,0.0,0,-999.0,1.000,320,IDLE,IN_COMMUNICATION,BLUETOOTH_SCO
AAWAZ_DIAG,204611636,0.0,0,-999.0,1.000,320,IDLE,IN_COMMUNICATION,BLUETOOTH_SCO
AAWAZ_DIAG,204612137,0.0,0,-999.0,1.000,320,IDLE,IN_COMMUNICATION,BLUETOOTH_SCO
AAWAZ_DIAG,204612636,0.0,0,-999.0,1.000,320,IDLE,IN_COMMUNICATION,BLUETOOTH_SCO
AAWAZ_DIAG,204613135,0.0,0,-999.0,1.000,320,IDLE,IN_COMMUNICATION,BLUETOOTH_SCO
AAWAZ_DIAG,204613636,0.0,0,-999.0,1.000,320,IDLE,IN_COMMUNICATION,BLUETOOTH_SCO
AAWAZ_DIAG,204614136,0.0,0,-999.0,1.000,320,IDLE,IN_COMMUNICATION,BLUETOOTH_SCO
AAWAZ_DIAG,204614635,0.0,0,-999.0,1.000,320,IDLE,IN_COMMUNICATION,BLUETOOTH_SCO
AAWAZ_DIAG,204615137,0.0,0,-999.0,1.000,320,IDLE,IN_COMMUNICATION,BLUETOOTH_SCO
AAWAZ_DIAG,204615636,0.0,0,-999.0,1.000,320,IDLE,IN_COMMUNICATION,BLUETOOTH_SCO
AAWAZ_DIAG,204616137,0.0,0,-999.0,1.000,320,IDLE,IN_COMMUNICATION,BLUETOOTH_SCO
AAWAZ_DIAG,204616638,0.0,0,-999.0,1.000,320,IDLE,IN_COMMUNICATION,BLUETOOTH_SCO
AAWAZ_DIAG,204617137,0.0,0,-999.0,1.000,320,IDLE,IN_COMMUNICATION,BLUETOOTH_SCO
AAWAZ_DIAG,204617636,0.0,0,-999.0,1.000,320,IDLE,IN_COMMUNICATION,BLUETOOTH_SCO
AAWAZ_DIAG,204618138,0.0,0,-999.0,1.000,320,IDLE,IN_COMMUNICATION,BLUETOOTH_SCO
AAWAZ_DIAG,204618637,0.0,0,-999.0,1.000,320,IDLE,IN_COMMUNICATION,BLUETOOTH_SCO
AAWAZ_DIAG,204619136,0.0,0,-999.0,1.000,320,IDLE,IN_COMMUNICATION,BLUETOOTH_SCO
AAWAZ_DIAG,204619637,0.0,0,-999.0,1.000,320,IDLE,IN_COMMUNICATION,BLUETOOTH_SCO
AAWAZ_DIAG,204620133,0.0,0,-999.0,1.000,320,IDLE,IN_COMMUNICATION,BLUETOOTH_SCO
AAWAZ_DIAG,204620633,0.0,0,-999.0,1.000,320,IDLE,IN_COMMUNICATION,BLUETOOTH_SCO
AAWAZ_DIAG,204621146,0.0,0,-999.0,1.000,320,IDLE,IN_COMMUNICATION,BLUETOOTH_SCO
AAWAZ_DIAG,204621637,0.0,0,-999.0,1.000,320,IDLE,IN_COMMUNICATION,BLUETOOTH_SCO
AAWAZ_DIAG,204622137,0.0,0,-999.0,1.000,320,IDLE,IN_COMMUNICATION,BLUETOOTH_SCO
AAWAZ_DIAG,204622634,0.0,0,-999.0,1.000,320,IDLE,IN_COMMUNICATION,BLUETOOTH_SCO
AAWAZ_DIAG,204623136,0.0,0,-999.0,1.000,320,IDLE,IN_COMMUNICATION,BLUETOOTH_SCO
AAWAZ_DIAG,204623634,0.0,0,-999.0,1.000,320,IDLE,IN_COMMUNICATION,BLUETOOTH_SCO
AAWAZ_DIAG,204624133,0.0,0,-999.0,1.000,320,IDLE,IN_COMMUNICATION,BLUETOOTH_SCO
AAWAZ_DIAG,204624637,0.0,0,-999.0,1.000,320,IDLE,IN_COMMUNICATION,BLUETOOTH_SCO
AAWAZ_DIAG,204625135,0.0,0,-999.0,1.000,320,IDLE,IN_COMMUNICATION,BLUETOOTH_SCO
AAWAZ_DIAG,204625634,0.0,0,-999.0,1.000,320,IDLE,IN_COMMUNICATION,BLUETOOTH_SCO
AAWAZ_DIAG,204626135,0.0,0,-999.0,1.000,320,IDLE,IN_COMMUNICATION,BLUETOOTH_SCO
AAWAZ_DIAG,204626640,0.0,0,-999.0,1.000,320,IDLE,IN_COMMUNICATION,BLUETOOTH_SCO
AAWAZ_DIAG,204628261,535.8,6190,-35.7,0.880,320,IDLE,NORMAL,BUILTIN_EARPIECE
AAWAZ_DIAG,204628503,866.5,11582,-31.6,0.435,320,IDLE,NORMAL,BUILTIN_EARPIECE
AAWAZ_DIAG,204628997,684.6,2571,-33.6,0.001,320,IDLE,NORMAL,BUILTIN_EARPIECE
AAWAZ_DIAG,204629500,716.5,2750,-33.2,0.001,320,IDLE,NORMAL,BUILTIN_EARPIECE
AAWAZ_DIAG,204629999,714.0,2944,-33.2,0.001,320,IDLE,NORMAL,BUILTIN_EARPIECE
AAWAZ_DIAG,204630499,724.1,2843,-33.1,0.001,320,IDLE,NORMAL,BUILTIN_EARPIECE
AAWAZ_DIAG,204631003,803.4,3506,-32.2,0.001,320,IDLE,NORMAL,BUILTIN_EARPIECE
AAWAZ_DIAG,204631499,874.5,3373,-31.5,0.001,320,IDLE,NORMAL,BUILTIN_EARPIECE
AAWAZ_DIAG,204631999,894.7,4840,-31.3,0.000,320,IDLE,NORMAL,BUILTIN_EARPIECE
AAWAZ_DIAG,204632500,850.6,2987,-31.7,0.000,320,IDLE,NORMAL,BUILTIN_EARPIECE
AAWAZ_DIAG,204633002,833.7,3594,-31.9,0.001,320,IDLE,NORMAL,BUILTIN_EARPIECE
AAWAZ_DIAG,204633507,905.5,3866,-31.2,0.001,320,IDLE,NORMAL,BUILTIN_EARPIECE
AAWAZ_DIAG,204634000,712.2,2750,-33.3,0.001,320,IDLE,NORMAL,BUILTIN_EARPIECE
AAWAZ_DIAG,204634505,683.4,2875,-33.6,0.000,320,IDLE,NORMAL,BUILTIN_EARPIECE
AAWAZ_DIAG,206271599,206.5,1510,-44.0,0.731,2560,IDLE,NORMAL,BUILTIN_EARPIECE
AAWAZ_DIAG,206272099,451.3,1785,-37.2,0.001,320,IDLE,NORMAL,BUILTIN_EARPIECE
AAWAZ_DIAG,206272594,343.8,1827,-39.6,0.001,320,IDLE,NORMAL,BUILTIN_EARPIECE
AAWAZ_DIAG,206273088,325.1,1516,-40.1,0.002,320,IDLE,NORMAL,BUILTIN_EARPIECE
AAWAZ_DIAG,206273590,303.5,1120,-40.7,0.002,320,IDLE,NORMAL,BUILTIN_EARPIECE
AAWAZ_DIAG,206274078,258.8,943,-42.0,0.002,320,IDLE,NORMAL,BUILTIN_EARPIECE
AAWAZ_DIAG,206274591,281.2,1235,-41.3,0.002,320,IDLE,NORMAL,BUILTIN_EARPIECE
AAWAZ_DIAG,206275085,175.9,676,-45.4,0.002,320,IDLE,NORMAL,BUILTIN_EARPIECE
AAWAZ_DIAG,206275584,190.9,719,-44.7,0.002,320,IDLE,NORMAL,BUILTIN_EARPIECE
AAWAZ_DIAG,206276071,175.0,736,-45.5,0.002,320,IDLE,NORMAL,BUILTIN_EARPIECE
AAWAZ_DIAG,206276569,236.9,851,-42.8,0.002,320,IDLE,NORMAL,BUILTIN_EARPIECE
AAWAZ_DIAG,206277069,169.8,660,-45.7,0.002,320,IDLE,NORMAL,BUILTIN_EARPIECE
AAWAZ_DIAG,206277568,158.9,574,-46.3,0.003,320,IDLE,NORMAL,BUILTIN_EARPIECE
AAWAZ_DIAG,206278070,161.9,600,-46.1,0.002,320,IDLE,NORMAL,BUILTIN_EARPIECE
AAWAZ_DIAG,206278569,157.2,640,-46.4,0.003,320,IDLE,NORMAL,BUILTIN_EARPIECE
AAWAZ_DIAG,206279071,157.0,583,-46.4,0.002,320,IDLE,NORMAL,BUILTIN_EARPIECE
AAWAZ_DIAG,206279570,165.5,743,-45.9,0.002,320,IDLE,NORMAL,BUILTIN_EARPIECE
AAWAZ_DIAG,206280069,154.1,563,-46.6,0.003,320,IDLE,NORMAL,BUILTIN_EARPIECE
AAWAZ_DIAG,206280568,170.1,636,-45.7,0.003,320,IDLE,NORMAL,BUILTIN_EARPIECE
AAWAZ_DIAG,206281071,140.6,1153,-47.4,0.003,320,IDLE,NORMAL,BUILTIN_EARPIECE
AAWAZ_DIAG,206281560,140.5,483,-47.4,0.003,320,IDLE,NORMAL,BUILTIN_EARPIECE
AAWAZ_DIAG,206282070,128.6,515,-48.1,0.004,320,IDLE,NORMAL,BUILTIN_EARPIECE
AAWAZ_DIAG,206282571,129.1,530,-48.1,0.003,320,IDLE,NORMAL,BUILTIN_EARPIECE
AAWAZ_DIAG,206283071,186.5,827,-44.9,0.001,320,IDLE,NORMAL,BUILTIN_EARPIECE
AAWAZ_DIAG,206283570,169.3,710,-45.7,0.003,320,IDLE,NORMAL,BUILTIN_EARPIECE
AAWAZ_DIAG,206284071,145.2,598,-47.1,0.003,320,IDLE,NORMAL,BUILTIN_EARPIECE
AAWAZ_DIAG,206284569,138.3,485,-47.5,0.003,320,IDLE,NORMAL,BUILTIN_EARPIECE
AAWAZ_DIAG,206285070,162.8,561,-46.1,0.003,320,IDLE,NORMAL,BUILTIN_EARPIECE
AAWAZ_DIAG,206285568,143.2,496,-47.2,0.004,320,IDLE,NORMAL,BUILTIN_EARPIECE
AAWAZ_DIAG,206286071,168.0,660,-45.8,0.002,320,IDLE,NORMAL,BUILTIN_EARPIECE
AAWAZ_DIAG,206286570,117.4,799,-48.9,0.003,320,IDLE,NORMAL,BUILTIN_EARPIECE
AAWAZ_DIAG,206287069,113.3,444,-49.2,0.003,320,IDLE,NORMAL,BUILTIN_EARPIECE
AAWAZ_DIAG,206287571,130.8,443,-48.0,0.003,320,IDLE,NORMAL,BUILTIN_EARPIECE
AAWAZ_DIAG,206288063,133.1,1257,-47.8,0.004,320,IDLE,NORMAL,BUILTIN_EARPIECE
AAWAZ_DIAG,206288569,261.5,3128,-42.0,0.003,320,IDLE,NORMAL,BUILTIN_EARPIECE
AAWAZ_DIAG,206289068,415.6,7853,-37.9,0.002,320,IDLE,NORMAL,BUILTIN_EARPIECE
AAWAZ_DIAG,206289570,6178.7,21917,-14.5,0.000,320,IDLE,NORMAL,BUILTIN_EARPIECE
AAWAZ_DIAG,206290070,2757.8,17747,-21.5,0.001,320,IDLE,NORMAL,BUILTIN_EARPIECE
AAWAZ_DIAG,206290570,3132.4,16028,-20.4,0.000,320,IDLE,NORMAL,BUILTIN_EARPIECE
AAWAZ_DIAG,206291070,2329.0,13518,-23.0,0.000,320,IDLE,NORMAL,BUILTIN_EARPIECE
AAWAZ_DIAG,206291571,1894.6,12088,-24.8,0.004,320,IDLE,NORMAL,BUILTIN_EARPIECE
AAWAZ_DIAG,206292067,3228.5,14430,-20.1,0.000,320,IDLE,NORMAL,BUILTIN_EARPIECE
AAWAZ_DIAG,206292570,2755.9,14310,-21.5,0.000,320,IDLE,NORMAL,BUILTIN_EARPIECE
AAWAZ_DIAG,206293069,1958.8,12896,-24.5,0.003,320,IDLE,NORMAL,BUILTIN_EARPIECE
AAWAZ_DIAG,206293570,940.0,7943,-30.8,0.004,320,IDLE,NORMAL,BUILTIN_EARPIECE
AAWAZ_DIAG,206294072,2727.6,9720,-21.6,0.000,320,IDLE,NORMAL,BUILTIN_EARPIECE
AAWAZ_DIAG,206294570,1863.2,8114,-24.9,0.000,320,IDLE,NORMAL,BUILTIN_EARPIECE
AAWAZ_DIAG,206295068,1985.1,10317,-24.4,0.001,320,IDLE,NORMAL,BUILTIN_EARPIECE
AAWAZ_DIAG,206295570,1382.8,8434,-27.5,0.003,320,IDLE,NORMAL,BUILTIN_EARPIECE
AAWAZ_DIAG,206296070,2359.3,11403,-22.9,0.000,320,IDLE,NORMAL,BUILTIN_EARPIECE
AAWAZ_DIAG,206296570,2819.5,13497,-21.3,0.001,320,IDLE,NORMAL,BUILTIN_EARPIECE
AAWAZ_DIAG,206297070,2042.9,12228,-24.1,0.003,320,IDLE,NORMAL,BUILTIN_EARPIECE
AAWAZ_DIAG,206297568,954.3,6476,-30.7,0.003,320,IDLE,NORMAL,BUILTIN_EARPIECE
AAWAZ_DIAG,206298071,1878.4,9138,-24.8,0.000,320,IDLE,NORMAL,BUILTIN_EARPIECE
AAWAZ_DIAG,206298570,2596.6,11536,-22.0,0.000,320,IDLE,NORMAL,BUILTIN_EARPIECE
AAWAZ_DIAG,206299071,1992.3,9583,-24.3,0.001,320,IDLE,NORMAL,BUILTIN_EARPIECE
AAWAZ_DIAG,206299569,1604.2,10051,-26.2,0.001,320,IDLE,NORMAL,BUILTIN_EARPIECE
AAWAZ_DIAG,206300067,1408.6,7346,-27.3,0.001,320,IDLE,NORMAL,BUILTIN_EARPIECE
AAWAZ_DIAG,206300572,1407.2,8651,-27.3,0.000,320,IDLE,NORMAL,BUILTIN_EARPIECE
AAWAZ_DIAG,206301069,1431.0,6109,-27.2,0.000,320,IDLE,NORMAL,BUILTIN_EARPIECE
AAWAZ_DIAG,206301566,1759.8,9972,-25.4,0.001,320,IDLE,NORMAL,BUILTIN_EARPIECE
AAWAZ_DIAG,206302071,890.6,5631,-31.3,0.001,320,IDLE,NORMAL,BUILTIN_EARPIECE
AAWAZ_DIAG,206302570,1432.4,7736,-27.2,0.001,320,IDLE,NORMAL,BUILTIN_EARPIECE
AAWAZ_DIAG,206303070,121.0,551,-48.7,0.005,320,IDLE,NORMAL,BUILTIN_EARPIECE
AAWAZ_DIAG,206303571,626.2,2558,-34.4,0.002,320,IDLE,NORMAL,BUILTIN_EARPIECE
AAWAZ_DIAG,206304069,2979.9,15676,-20.8,0.000,320,IDLE,NORMAL,BUILTIN_EARPIECE
AAWAZ_DIAG,206304571,2205.1,12703,-23.4,0.000,320,IDLE,NORMAL,BUILTIN_EARPIECE
AAWAZ_DIAG,206305070,1884.8,8166,-24.8,0.001,320,IDLE,NORMAL,BUILTIN_EARPIECE
AAWAZ_DIAG,206305570,2441.5,14050,-22.6,0.001,320,IDLE,NORMAL,BUILTIN_EARPIECE
AAWAZ_DIAG,206306070,799.2,6858,-32.3,0.002,320,IDLE,NORMAL,BUILTIN_EARPIECE
AAWAZ_DIAG,206306568,1638.3,8304,-26.0,0.000,320,IDLE,NORMAL,BUILTIN_EARPIECE
AAWAZ_DIAG,206307069,1826.9,10215,-25.1,0.001,320,IDLE,NORMAL,BUILTIN_EARPIECE
AAWAZ_DIAG,206307567,2244.2,12547,-23.3,0.001,320,IDLE,NORMAL,BUILTIN_EARPIECE
AAWAZ_DIAG,206308069,510.2,4452,-36.2,0.003,320,IDLE,NORMAL,BUILTIN_EARPIECE
AAWAZ_DIAG,206308571,1221.4,10026,-28.6,0.001,320,IDLE,NORMAL,BUILTIN_EARPIECE
AAWAZ_DIAG,206309070,1310.4,11166,-28.0,0.002,320,IDLE,NORMAL,BUILTIN_EARPIECE
AAWAZ_DIAG,206309571,2670.7,14691,-21.8,0.001,320,IDLE,NORMAL,BUILTIN_EARPIECE
AAWAZ_DIAG,206310071,1760.0,8905,-25.4,0.001,320,IDLE,NORMAL,BUILTIN_EARPIECE
AAWAZ_DIAG,206310570,665.2,7489,-33.8,0.003,320,IDLE,NORMAL,BUILTIN_EARPIECE
AAWAZ_DIAG,206311070,946.6,6175,-30.8,0.001,320,IDLE,NORMAL,BUILTIN_EARPIECE
AAWAZ_DIAG,206311570,843.5,5411,-31.8,0.003,320,IDLE,NORMAL,BUILTIN_EARPIECE
AAWAZ_DIAG,206312070,1297.7,6756,-28.0,0.001,320,IDLE,NORMAL,BUILTIN_EARPIECE
AAWAZ_DIAG,206312570,1508.3,6964,-26.7,0.001,320,IDLE,NORMAL,BUILTIN_EARPIECE
AAWAZ_DIAG,206313067,1137.0,5601,-29.2,0.001,320,IDLE,NORMAL,BUILTIN_EARPIECE
AAWAZ_DIAG,206313570,100.3,623,-50.3,0.005,320,IDLE,NORMAL,BUILTIN_EARPIECE
AAWAZ_DIAG,206314068,499.6,5281,-36.3,0.004,320,IDLE,NORMAL,BUILTIN_EARPIECE
AAWAZ_DIAG,206314570,1149.2,5426,-29.1,0.001,320,IDLE,NORMAL,BUILTIN_EARPIECE
AAWAZ_DIAG,206315070,1281.3,8818,-28.2,0.001,320,IDLE,NORMAL,BUILTIN_EARPIECE
AAWAZ_DIAG,206315570,2119.3,11510,-23.8,0.001,320,IDLE,NORMAL,BUILTIN_EARPIECE
AAWAZ_DIAG,206316071,1234.0,7753,-28.5,0.000,320,IDLE,NORMAL,BUILTIN_EARPIECE
AAWAZ_DIAG,206316567,1505.9,6875,-26.8,0.001,320,IDLE,NORMAL,BUILTIN_EARPIECE
AAWAZ_DIAG,206317068,796.5,5138,-32.3,0.002,320,IDLE,NORMAL,BUILTIN_EARPIECE
AAWAZ_DIAG,206317570,128.9,438,-48.1,0.002,320,IDLE,NORMAL,BUILTIN_EARPIECE
AAWAZ_DIAG,206318070,1294.9,7515,-28.1,0.002,320,IDLE,NORMAL,BUILTIN_EARPIECE
AAWAZ_DIAG,206318570,1250.8,7260,-28.4,0.001,320,IDLE,NORMAL,BUILTIN_EARPIECE
AAWAZ_DIAG,206319070,1432.2,10409,-27.2,0.001,320,IDLE,NORMAL,BUILTIN_EARPIECE
AAWAZ_DIAG,206319568,1913.7,8760,-24.7,0.000,320,IDLE,NORMAL,BUILTIN_EARPIECE
AAWAZ_DIAG,206320070,1123.0,7462,-29.3,0.004,320,IDLE,NORMAL,BUILTIN_EARPIECE
AAWAZ_DIAG,206320568,1889.7,8080,-24.8,0.001,320,IDLE,NORMAL,BUILTIN_EARPIECE
AAWAZ_DIAG,206321071,1624.5,8936,-26.1,0.001,320,IDLE,NORMAL,BUILTIN_EARPIECE
AAWAZ_DIAG,206321571,1841.8,12158,-25.0,0.001,320,IDLE,NORMAL,BUILTIN_EARPIECE
AAWAZ_DIAG,206322074,308.6,2396,-40.5,0.002,320,IDLE,NORMAL,BUILTIN_EARPIECE
AAWAZ_DIAG,206322562,135.1,984,-47.7,0.004,320,IDLE,NORMAL,BUILTIN_EARPIECE
AAWAZ_DIAG,206323063,116.8,507,-49.0,0.003,320,IDLE,NORMAL,BUILTIN_EARPIECE
AAWAZ_DIAG,206323565,95.3,327,-50.7,0.004,320,IDLE,NORMAL,BUILTIN_EARPIECE
AAWAZ_DIAG,206324062,114.0,457,-49.2,0.004,320,IDLE,NORMAL,BUILTIN_EARPIECE
AAWAZ_DIAG,206324560,123.4,1128,-48.5,0.003,320,IDLE,NORMAL,BUILTIN_EARPIECE
AAWAZ_DIAG,206325064,109.2,900,-49.5,0.005,320,IDLE,NORMAL,BUILTIN_EARPIECE
AAWAZ_DIAG,206325566,91.2,401,-51.1,0.005,320,IDLE,NORMAL,BUILTIN_EARPIECE
AAWAZ_DIAG,206326065,112.4,400,-49.3,0.005,320,IDLE,NORMAL,BUILTIN_EARPIECE
AAWAZ_DIAG,206326569,120.1,794,-48.7,0.005,320,IDLE,NORMAL,BUILTIN_EARPIECE
AAWAZ_DIAG,206327067,96.8,376,-50.6,0.003,320,IDLE,NORMAL,BUILTIN_EARPIECE
AAWAZ_DIAG,206327569,104.5,444,-49.9,0.003,320,IDLE,NORMAL,BUILTIN_EARPIECE
AAWAZ_DIAG,206328131,117.7,482,-48.9,0.003,320,IDLE,IN_CALL,BUILTIN_EARPIECE
AAWAZ_DIAG,206328596,37.7,370,-58.8,0.920,320,OFFHOOK,IN_CALL,BUILTIN_EARPIECE
AAWAZ_DIAG,206329098,0.0,0,-999.0,1.000,320,OFFHOOK,IN_CALL,BUILTIN_EARPIECE
AAWAZ_DIAG,206329599,0.0,0,-999.0,1.000,320,OFFHOOK,IN_CALL,BUILTIN_EARPIECE
AAWAZ_DIAG,206330096,0.0,0,-999.0,1.000,320,OFFHOOK,IN_CALL,BUILTIN_EARPIECE
AAWAZ_DIAG,206330596,0.0,0,-999.0,1.000,320,OFFHOOK,IN_CALL,BUILTIN_EARPIECE
AAWAZ_DIAG,206331096,0.0,0,-999.0,1.000,320,OFFHOOK,IN_CALL,BUILTIN_EARPIECE
AAWAZ_DIAG,206331600,0.0,0,-999.0,1.000,320,OFFHOOK,IN_CALL,BUILTIN_EARPIECE
AAWAZ_DIAG,206332106,0.0,0,-999.0,1.000,320,OFFHOOK,IN_CALL,BUILTIN_EARPIECE
AAWAZ_DIAG,206332599,0.0,0,-999.0,1.000,320,OFFHOOK,IN_CALL,BUILTIN_EARPIECE
AAWAZ_DIAG,206333110,0.0,0,-999.0,1.000,320,OFFHOOK,IN_CALL,BUILTIN_EARPIECE
AAWAZ_DIAG,206333606,0.0,0,-999.0,1.000,320,OFFHOOK,IN_CALL,BUILTIN_EARPIECE
AAWAZ_DIAG,206334496,0.0,0,-999.0,1.000,2560,OFFHOOK,IN_CALL,BUILTIN_SPEAKER
AAWAZ_DIAG,206334908,0.0,0,-999.0,1.000,320,OFFHOOK,IN_CALL,BUILTIN_SPEAKER
AAWAZ_DIAG,206335409,0.0,0,-999.0,1.000,320,OFFHOOK,IN_CALL,BUILTIN_SPEAKER
AAWAZ_DIAG,206335908,0.0,0,-999.0,1.000,320,OFFHOOK,IN_CALL,BUILTIN_SPEAKER
AAWAZ_DIAG,206336409,0.0,0,-999.0,1.000,320,OFFHOOK,IN_CALL,BUILTIN_SPEAKER
AAWAZ_DIAG,206336906,0.0,0,-999.0,1.000,320,OFFHOOK,IN_CALL,BUILTIN_SPEAKER
AAWAZ_DIAG,206337408,0.0,0,-999.0,1.000,320,OFFHOOK,IN_CALL,BUILTIN_SPEAKER
AAWAZ_DIAG,206337909,0.0,0,-999.0,1.000,320,OFFHOOK,IN_CALL,BUILTIN_SPEAKER
AAWAZ_DIAG,206338409,0.0,0,-999.0,1.000,320,OFFHOOK,IN_CALL,BUILTIN_SPEAKER
AAWAZ_DIAG,206338909,0.0,0,-999.0,1.000,320,OFFHOOK,IN_CALL,BUILTIN_SPEAKER
AAWAZ_DIAG,206339410,0.0,0,-999.0,1.000,320,OFFHOOK,IN_CALL,BUILTIN_SPEAKER
AAWAZ_DIAG,206339903,0.0,0,-999.0,1.000,320,OFFHOOK,IN_CALL,BUILTIN_SPEAKER
AAWAZ_DIAG,206340402,0.0,0,-999.0,1.000,320,OFFHOOK,IN_CALL,BUILTIN_SPEAKER
AAWAZ_DIAG,206340901,0.0,0,-999.0,1.000,320,OFFHOOK,IN_CALL,BUILTIN_SPEAKER
AAWAZ_DIAG,206341402,0.0,0,-999.0,1.000,320,OFFHOOK,IN_CALL,BUILTIN_SPEAKER
AAWAZ_DIAG,206341923,0.0,0,-999.0,1.000,320,OFFHOOK,IN_CALL,BUILTIN_SPEAKER
AAWAZ_DIAG,206342408,0.0,0,-999.0,1.000,320,OFFHOOK,IN_CALL,BUILTIN_SPEAKER
AAWAZ_DIAG,206342907,0.0,0,-999.0,1.000,320,OFFHOOK,IN_CALL,BUILTIN_SPEAKER
AAWAZ_DIAG,206343408,0.0,0,-999.0,1.000,320,OFFHOOK,IN_CALL,BUILTIN_SPEAKER
AAWAZ_DIAG,206343906,0.0,0,-999.0,1.000,320,OFFHOOK,IN_CALL,BUILTIN_SPEAKER
AAWAZ_DIAG,206344409,0.0,0,-999.0,1.000,320,OFFHOOK,IN_CALL,BUILTIN_SPEAKER
AAWAZ_DIAG,206344908,0.0,0,-999.0,1.000,320,OFFHOOK,IN_CALL,BUILTIN_SPEAKER
AAWAZ_DIAG,206345409,0.0,0,-999.0,1.000,320,OFFHOOK,IN_CALL,BUILTIN_SPEAKER
AAWAZ_DIAG,206345897,0.0,0,-999.0,1.000,320,OFFHOOK,IN_CALL,BUILTIN_SPEAKER
AAWAZ_DIAG,206346408,0.0,0,-999.0,1.000,320,OFFHOOK,IN_CALL,BUILTIN_SPEAKER
AAWAZ_DIAG,206346910,0.0,0,-999.0,1.000,320,OFFHOOK,IN_CALL,BUILTIN_SPEAKER
AAWAZ_DIAG,206347401,0.0,0,-999.0,1.000,320,OFFHOOK,IN_CALL,BUILTIN_SPEAKER
AAWAZ_DIAG,206347904,0.0,0,-999.0,1.000,320,OFFHOOK,IN_CALL,BUILTIN_SPEAKER
AAWAZ_DIAG,206348408,0.0,0,-999.0,1.000,320,OFFHOOK,IN_CALL,BUILTIN_SPEAKER
AAWAZ_DIAG,206348909,0.0,0,-999.0,1.000,320,OFFHOOK,IN_CALL,BUILTIN_SPEAKER
AAWAZ_DIAG,206349409,0.0,0,-999.0,1.000,320,OFFHOOK,IN_CALL,BUILTIN_SPEAKER
AAWAZ_DIAG,206349905,0.0,0,-999.0,1.000,320,OFFHOOK,IN_CALL,BUILTIN_SPEAKER
AAWAZ_DIAG,206350408,0.0,0,-999.0,1.000,320,OFFHOOK,IN_CALL,BUILTIN_SPEAKER
AAWAZ_DIAG,206350905,0.0,0,-999.0,1.000,320,OFFHOOK,IN_CALL,BUILTIN_SPEAKER
AAWAZ_DIAG,206351406,0.0,0,-999.0,1.000,320,OFFHOOK,IN_CALL,BUILTIN_SPEAKER
AAWAZ_DIAG,206351909,0.0,0,-999.0,1.000,320,OFFHOOK,IN_CALL,BUILTIN_SPEAKER
AAWAZ_DIAG,206352410,0.0,0,-999.0,1.000,320,OFFHOOK,IN_CALL,BUILTIN_SPEAKER
AAWAZ_DIAG,206352907,0.0,0,-999.0,1.000,320,OFFHOOK,IN_CALL,BUILTIN_SPEAKER
AAWAZ_DIAG,206353407,0.0,0,-999.0,1.000,320,OFFHOOK,IN_CALL,BUILTIN_SPEAKER
AAWAZ_DIAG,206353909,0.0,0,-999.0,1.000,320,OFFHOOK,IN_CALL,BUILTIN_SPEAKER
AAWAZ_DIAG,206354410,0.0,0,-999.0,1.000,320,OFFHOOK,IN_CALL,BUILTIN_SPEAKER
AAWAZ_DIAG,206354910,0.0,0,-999.0,1.000,320,OFFHOOK,IN_CALL,BUILTIN_SPEAKER
AAWAZ_DIAG,206355409,0.0,0,-999.0,1.000,320,OFFHOOK,IN_CALL,BUILTIN_SPEAKER
AAWAZ_DIAG,206355903,0.0,0,-999.0,1.000,320,OFFHOOK,IN_CALL,BUILTIN_SPEAKER
AAWAZ_DIAG,206356410,0.0,0,-999.0,1.000,320,OFFHOOK,IN_CALL,BUILTIN_SPEAKER
AAWAZ_DIAG,206356905,0.0,0,-999.0,1.000,320,OFFHOOK,IN_CALL,BUILTIN_SPEAKER
AAWAZ_DIAG,206357409,0.0,0,-999.0,1.000,320,OFFHOOK,IN_CALL,BUILTIN_SPEAKER
AAWAZ_DIAG,206357909,0.0,0,-999.0,1.000,320,OFFHOOK,IN_CALL,BUILTIN_SPEAKER
AAWAZ_DIAG,206358410,0.0,0,-999.0,1.000,320,OFFHOOK,IN_CALL,BUILTIN_SPEAKER
AAWAZ_DIAG,206358906,0.0,0,-999.0,1.000,320,OFFHOOK,IN_CALL,BUILTIN_SPEAKER
AAWAZ_DIAG,206359409,0.0,0,-999.0,1.000,320,OFFHOOK,IN_CALL,BUILTIN_SPEAKER
AAWAZ_DIAG,206359909,0.0,0,-999.0,1.000,320,OFFHOOK,IN_CALL,BUILTIN_SPEAKER
AAWAZ_DIAG,206360407,0.0,0,-999.0,1.000,320,OFFHOOK,IN_CALL,BUILTIN_SPEAKER
AAWAZ_DIAG,206360910,0.0,0,-999.0,1.000,320,OFFHOOK,IN_CALL,BUILTIN_SPEAKER
AAWAZ_DIAG,206361409,0.0,0,-999.0,1.000,320,OFFHOOK,IN_CALL,BUILTIN_SPEAKER
AAWAZ_DIAG,206361909,0.0,0,-999.0,1.000,320,OFFHOOK,IN_CALL,BUILTIN_SPEAKER
AAWAZ_DIAG,206362409,0.0,0,-999.0,1.000,320,OFFHOOK,IN_CALL,BUILTIN_SPEAKER
AAWAZ_DIAG,206362906,0.0,0,-999.0,1.000,320,OFFHOOK,IN_CALL,BUILTIN_SPEAKER
AAWAZ_DIAG,206363410,0.0,0,-999.0,1.000,320,OFFHOOK,IN_CALL,BUILTIN_SPEAKER
AAWAZ_DIAG,206363909,0.0,0,-999.0,1.000,320,OFFHOOK,IN_CALL,BUILTIN_SPEAKER
AAWAZ_DIAG,206364409,0.0,0,-999.0,1.000,320,OFFHOOK,IN_CALL,BUILTIN_SPEAKER
AAWAZ_DIAG,206364909,0.0,0,-999.0,1.000,320,OFFHOOK,IN_CALL,BUILTIN_SPEAKER
AAWAZ_DIAG,206365408,0.0,0,-999.0,1.000,320,OFFHOOK,IN_CALL,BUILTIN_SPEAKER
AAWAZ_DIAG,206365909,0.0,0,-999.0,1.000,320,OFFHOOK,IN_CALL,BUILTIN_SPEAKER
AAWAZ_DIAG,206366408,0.0,0,-999.0,1.000,320,OFFHOOK,IN_CALL,BUILTIN_SPEAKER
AAWAZ_DIAG,206366909,0.0,0,-999.0,1.000,320,OFFHOOK,IN_CALL,BUILTIN_SPEAKER
AAWAZ_DIAG,206367409,0.0,0,-999.0,1.000,320,OFFHOOK,IN_CALL,BUILTIN_SPEAKER
AAWAZ_DIAG,206367909,0.0,0,-999.0,1.000,320,OFFHOOK,IN_CALL,BUILTIN_SPEAKER
AAWAZ_DIAG,206368410,0.0,0,-999.0,1.000,320,OFFHOOK,IN_CALL,BUILTIN_SPEAKER
AAWAZ_DIAG,206368909,0.0,0,-999.0,1.000,320,OFFHOOK,IN_CALL,BUILTIN_SPEAKER
AAWAZ_DIAG,206369408,0.0,0,-999.0,1.000,320,OFFHOOK,IN_CALL,BUILTIN_SPEAKER
AAWAZ_DIAG,206369907,0.0,0,-999.0,1.000,320,OFFHOOK,IN_CALL,BUILTIN_SPEAKER
AAWAZ_DIAG,206370407,0.0,0,-999.0,1.000,320,OFFHOOK,IN_CALL,BUILTIN_SPEAKER
AAWAZ_DIAG,206370908,0.0,0,-999.0,1.000,320,OFFHOOK,IN_CALL,BUILTIN_SPEAKER
AAWAZ_DIAG,206371409,0.0,0,-999.0,1.000,320,OFFHOOK,IN_CALL,BUILTIN_SPEAKER
AAWAZ_DIAG,206371909,0.0,0,-999.0,1.000,320,OFFHOOK,IN_CALL,BUILTIN_SPEAKER
AAWAZ_DIAG,206372409,0.0,0,-999.0,1.000,320,OFFHOOK,IN_CALL,BUILTIN_SPEAKER
AAWAZ_DIAG,206372909,0.0,0,-999.0,1.000,320,OFFHOOK,IN_CALL,BUILTIN_SPEAKER
AAWAZ_DIAG,206373406,0.0,0,-999.0,1.000,320,OFFHOOK,IN_CALL,BUILTIN_SPEAKER
AAWAZ_DIAG,206373908,0.0,0,-999.0,1.000,320,OFFHOOK,IN_CALL,BUILTIN_SPEAKER
AAWAZ_DIAG,206374407,0.0,0,-999.0,1.000,320,OFFHOOK,IN_CALL,BUILTIN_SPEAKER
AAWAZ_DIAG,206374909,0.0,0,-999.0,1.000,320,OFFHOOK,IN_CALL,BUILTIN_SPEAKER
AAWAZ_DIAG,206375409,0.0,0,-999.0,1.000,320,OFFHOOK,IN_CALL,BUILTIN_SPEAKER
AAWAZ_DIAG,206375910,0.0,0,-999.0,1.000,320,OFFHOOK,IN_CALL,BUILTIN_SPEAKER
AAWAZ_DIAG,206376410,0.0,0,-999.0,1.000,320,OFFHOOK,IN_CALL,BUILTIN_SPEAKER
AAWAZ_DIAG,206376910,0.0,0,-999.0,1.000,320,OFFHOOK,IN_CALL,BUILTIN_SPEAKER
AAWAZ_DIAG,206377405,0.0,0,-999.0,1.000,320,OFFHOOK,IN_CALL,BUILTIN_SPEAKER
AAWAZ_DIAG,206377909,0.0,0,-999.0,1.000,320,OFFHOOK,IN_CALL,BUILTIN_SPEAKER
AAWAZ_DIAG,206378409,0.0,0,-999.0,1.000,320,OFFHOOK,IN_CALL,BUILTIN_SPEAKER
AAWAZ_DIAG,206378909,0.0,0,-999.0,1.000,320,OFFHOOK,IN_CALL,BUILTIN_SPEAKER
AAWAZ_DIAG,206379409,0.0,0,-999.0,1.000,320,OFFHOOK,IN_CALL,BUILTIN_SPEAKER
AAWAZ_DIAG,206379908,0.0,0,-999.0,1.000,320,OFFHOOK,IN_CALL,BUILTIN_SPEAKER
AAWAZ_DIAG,206380406,0.0,0,-999.0,1.000,320,OFFHOOK,IN_CALL,BUILTIN_SPEAKER
AAWAZ_DIAG,206380910,0.0,0,-999.0,1.000,320,OFFHOOK,IN_CALL,BUILTIN_SPEAKER
AAWAZ_DIAG,206381408,0.0,0,-999.0,1.000,320,OFFHOOK,IN_CALL,BUILTIN_SPEAKER
AAWAZ_DIAG,206381910,0.0,0,-999.0,1.000,320,OFFHOOK,IN_CALL,BUILTIN_SPEAKER
AAWAZ_DIAG,206382409,0.0,0,-999.0,1.000,320,OFFHOOK,IN_CALL,BUILTIN_SPEAKER
AAWAZ_DIAG,206382910,0.0,0,-999.0,1.000,320,OFFHOOK,IN_CALL,BUILTIN_SPEAKER
AAWAZ_DIAG,206383409,0.0,0,-999.0,1.000,320,OFFHOOK,IN_CALL,BUILTIN_SPEAKER
AAWAZ_DIAG,206383910,0.0,0,-999.0,1.000,320,OFFHOOK,IN_CALL,BUILTIN_SPEAKER
AAWAZ_DIAG,206384409,0.0,0,-999.0,1.000,320,OFFHOOK,IN_CALL,BUILTIN_SPEAKER
AAWAZ_DIAG,206384910,0.0,0,-999.0,1.000,320,OFFHOOK,IN_CALL,BUILTIN_SPEAKER
AAWAZ_DIAG,206385410,0.0,0,-999.0,1.000,320,OFFHOOK,IN_CALL,BUILTIN_SPEAKER
AAWAZ_DIAG,206385909,0.0,0,-999.0,1.000,320,OFFHOOK,IN_CALL,BUILTIN_SPEAKER
AAWAZ_DIAG,206386409,0.0,0,-999.0,1.000,320,OFFHOOK,IN_CALL,BUILTIN_SPEAKER
AAWAZ_DIAG,206386913,0.0,0,-999.0,1.000,320,OFFHOOK,IN_CALL,BUILTIN_SPEAKER
AAWAZ_DIAG,206387408,0.0,0,-999.0,1.000,320,OFFHOOK,IN_CALL,BUILTIN_SPEAKER
AAWAZ_DIAG,206387907,0.0,0,-999.0,1.000,320,OFFHOOK,IN_CALL,BUILTIN_SPEAKER
AAWAZ_DIAG,206388409,0.0,0,-999.0,1.000,320,OFFHOOK,IN_CALL,BUILTIN_SPEAKER
AAWAZ_DIAG,206388910,0.0,0,-999.0,1.000,320,OFFHOOK,IN_CALL,BUILTIN_SPEAKER
AAWAZ_DIAG,206389408,0.0,0,-999.0,1.000,320,OFFHOOK,IN_CALL,BUILTIN_SPEAKER
AAWAZ_DIAG,206389909,0.0,0,-999.0,1.000,320,OFFHOOK,IN_CALL,BUILTIN_SPEAKER
AAWAZ_DIAG,206390409,0.0,0,-999.0,1.000,320,OFFHOOK,IN_CALL,BUILTIN_SPEAKER
AAWAZ_DIAG,206390909,0.0,0,-999.0,1.000,320,OFFHOOK,IN_CALL,BUILTIN_SPEAKER
AAWAZ_DIAG,206391409,0.0,0,-999.0,1.000,320,OFFHOOK,IN_CALL,BUILTIN_SPEAKER
AAWAZ_DIAG,206391906,0.0,0,-999.0,1.000,320,OFFHOOK,IN_CALL,BUILTIN_SPEAKER
AAWAZ_DIAG,206392408,0.0,0,-999.0,1.000,320,OFFHOOK,IN_CALL,BUILTIN_SPEAKER
AAWAZ_DIAG,206392907,0.0,0,-999.0,1.000,320,OFFHOOK,IN_CALL,BUILTIN_SPEAKER
AAWAZ_DIAG,206393410,0.0,0,-999.0,1.000,320,OFFHOOK,IN_CALL,BUILTIN_SPEAKER
AAWAZ_DIAG,206393906,0.0,0,-999.0,1.000,320,OFFHOOK,IN_CALL,BUILTIN_SPEAKER
AAWAZ_DIAG,206394408,0.0,0,-999.0,1.000,320,OFFHOOK,IN_CALL,BUILTIN_SPEAKER
AAWAZ_DIAG,206394906,0.0,0,-999.0,1.000,320,OFFHOOK,IN_CALL,BUILTIN_SPEAKER
AAWAZ_DIAG,206395410,0.0,0,-999.0,1.000,320,OFFHOOK,IN_CALL,BUILTIN_SPEAKER
AAWAZ_DIAG,206395907,0.0,0,-999.0,1.000,320,OFFHOOK,IN_CALL,BUILTIN_SPEAKER
AAWAZ_DIAG,206396409,0.0,0,-999.0,1.000,320,OFFHOOK,IN_CALL,BUILTIN_SPEAKER
AAWAZ_DIAG,206396906,0.0,0,-999.0,1.000,320,OFFHOOK,IN_CALL,BUILTIN_SPEAKER
AAWAZ_DIAG,206397410,0.0,0,-999.0,1.000,320,OFFHOOK,IN_CALL,BUILTIN_SPEAKER
AAWAZ_DIAG,206397903,0.0,0,-999.0,1.000,320,OFFHOOK,IN_CALL,BUILTIN_SPEAKER
AAWAZ_DIAG,206398409,0.0,0,-999.0,1.000,320,OFFHOOK,IN_CALL,BUILTIN_SPEAKER
AAWAZ_DIAG,206398909,0.0,0,-999.0,1.000,320,OFFHOOK,IN_CALL,BUILTIN_SPEAKER
AAWAZ_DIAG,206399410,0.0,0,-999.0,1.000,320,OFFHOOK,IN_CALL,BUILTIN_SPEAKER
AAWAZ_DIAG,206399905,0.0,0,-999.0,1.000,320,OFFHOOK,IN_CALL,BUILTIN_SPEAKER
AAWAZ_DIAG,206400404,0.0,0,-999.0,1.000,320,OFFHOOK,IN_CALL,BUILTIN_SPEAKER
AAWAZ_DIAG,206400903,0.0,0,-999.0,1.000,320,OFFHOOK,IN_CALL,BUILTIN_SPEAKER
AAWAZ_DIAG,206401409,0.0,0,-999.0,1.000,320,OFFHOOK,IN_CALL,BUILTIN_SPEAKER
AAWAZ_DIAG,206401909,0.0,0,-999.0,1.000,320,OFFHOOK,IN_CALL,BUILTIN_SPEAKER
AAWAZ_DIAG,206402409,0.0,0,-999.0,1.000,320,OFFHOOK,IN_CALL,BUILTIN_SPEAKER
AAWAZ_DIAG,206402909,0.0,0,-999.0,1.000,320,OFFHOOK,IN_CALL,BUILTIN_SPEAKER
AAWAZ_DIAG,206403401,0.0,0,-999.0,1.000,320,OFFHOOK,IN_CALL,BUILTIN_SPEAKER
AAWAZ_DIAG,206403909,0.0,0,-999.0,1.000,320,OFFHOOK,IN_CALL,BUILTIN_SPEAKER
AAWAZ_DIAG,206404409,0.0,0,-999.0,1.000,320,OFFHOOK,IN_CALL,BUILTIN_SPEAKER
AAWAZ_DIAG,206404905,0.0,0,-999.0,1.000,320,OFFHOOK,IN_CALL,BUILTIN_SPEAKER
AAWAZ_DIAG,206405406,0.0,0,-999.0,1.000,320,OFFHOOK,IN_CALL,BUILTIN_SPEAKER
AAWAZ_DIAG,206405909,0.0,0,-999.0,1.000,320,OFFHOOK,IN_CALL,BUILTIN_SPEAKER
AAWAZ_DIAG,206406408,0.0,0,-999.0,1.000,320,OFFHOOK,IN_CALL,BUILTIN_SPEAKER
AAWAZ_DIAG,206406909,0.0,0,-999.0,1.000,320,OFFHOOK,IN_CALL,BUILTIN_SPEAKER
AAWAZ_DIAG,206407410,0.0,0,-999.0,1.000,320,OFFHOOK,IN_CALL,BUILTIN_SPEAKER
AAWAZ_DIAG,206407908,0.0,0,-999.0,1.000,320,OFFHOOK,IN_CALL,BUILTIN_SPEAKER
AAWAZ_DIAG,206408408,0.0,0,-999.0,1.000,320,OFFHOOK,IN_CALL,BUILTIN_SPEAKER
AAWAZ_DIAG,206408906,0.0,0,-999.0,1.000,320,OFFHOOK,IN_CALL,BUILTIN_SPEAKER
AAWAZ_DIAG,206409409,0.0,0,-999.0,1.000,320,OFFHOOK,IN_CALL,BUILTIN_SPEAKER
AAWAZ_DIAG,206409909,0.0,0,-999.0,1.000,320,OFFHOOK,IN_CALL,BUILTIN_SPEAKER
AAWAZ_DIAG,206410409,0.0,0,-999.0,1.000,320,OFFHOOK,IN_CALL,BUILTIN_SPEAKER
AAWAZ_DIAG,206410901,0.0,0,-999.0,1.000,320,OFFHOOK,IN_CALL,BUILTIN_SPEAKER
AAWAZ_DIAG,206411409,0.0,0,-999.0,1.000,320,OFFHOOK,IN_CALL,BUILTIN_SPEAKER
AAWAZ_DIAG,206411906,0.0,0,-999.0,1.000,320,OFFHOOK,IN_CALL,BUILTIN_SPEAKER
AAWAZ_DIAG,206412409,0.0,0,-999.0,1.000,320,OFFHOOK,IN_CALL,BUILTIN_SPEAKER
AAWAZ_DIAG,206412907,0.0,0,-999.0,1.000,320,OFFHOOK,IN_CALL,BUILTIN_SPEAKER
AAWAZ_DIAG,206413408,0.0,0,-999.0,1.000,320,OFFHOOK,IN_CALL,BUILTIN_SPEAKER
AAWAZ_DIAG,206413909,0.0,0,-999.0,1.000,320,OFFHOOK,IN_CALL,BUILTIN_SPEAKER
AAWAZ_DIAG,206414409,0.0,0,-999.0,1.000,320,OFFHOOK,IN_CALL,BUILTIN_SPEAKER
AAWAZ_DIAG,206414908,0.0,0,-999.0,1.000,320,OFFHOOK,IN_CALL,BUILTIN_SPEAKER
AAWAZ_DIAG,206415409,0.0,0,-999.0,1.000,320,OFFHOOK,IN_CALL,BUILTIN_SPEAKER
AAWAZ_DIAG,206415905,0.0,0,-999.0,1.000,320,OFFHOOK,IN_CALL,BUILTIN_SPEAKER
AAWAZ_DIAG,206416409,0.0,0,-999.0,1.000,320,OFFHOOK,IN_CALL,BUILTIN_SPEAKER
AAWAZ_DIAG,206416904,0.0,0,-999.0,1.000,320,OFFHOOK,IN_CALL,BUILTIN_SPEAKER
AAWAZ_DIAG,206417421,0.0,0,-999.0,1.000,320,OFFHOOK,IN_CALL,BUILTIN_SPEAKER
AAWAZ_DIAG,206417905,0.0,0,-999.0,1.000,320,OFFHOOK,IN_CALL,BUILTIN_SPEAKER
AAWAZ_DIAG,206418403,0.0,0,-999.0,1.000,320,OFFHOOK,IN_CALL,BUILTIN_SPEAKER
AAWAZ_DIAG,206418903,0.0,0,-999.0,1.000,320,OFFHOOK,IN_CALL,BUILTIN_SPEAKER
AAWAZ_DIAG,206419402,0.0,0,-999.0,1.000,320,OFFHOOK,IN_CALL,BUILTIN_SPEAKER
AAWAZ_DIAG,206419902,0.0,0,-999.0,1.000,320,OFFHOOK,IN_CALL,BUILTIN_SPEAKER
AAWAZ_DIAG,206420407,0.0,0,-999.0,1.000,320,OFFHOOK,IN_CALL,BUILTIN_SPEAKER
AAWAZ_DIAG,206420898,0.0,0,-999.0,1.000,320,OFFHOOK,IN_CALL,BUILTIN_SPEAKER
AAWAZ_DIAG,206421402,0.0,0,-999.0,1.000,320,OFFHOOK,IN_CALL,BUILTIN_SPEAKER
AAWAZ_DIAG,206421898,0.0,0,-999.0,1.000,320,OFFHOOK,IN_CALL,BUILTIN_SPEAKER
AAWAZ_DIAG,206422408,0.0,0,-999.0,1.000,320,OFFHOOK,IN_CALL,BUILTIN_SPEAKER
AAWAZ_DIAG,206422905,0.0,0,-999.0,1.000,320,OFFHOOK,IN_CALL,BUILTIN_SPEAKER
AAWAZ_DIAG,206423408,0.0,0,-999.0,1.000,320,OFFHOOK,IN_CALL,BUILTIN_SPEAKER
AAWAZ_DIAG,206423907,0.0,0,-999.0,1.000,320,OFFHOOK,IN_CALL,BUILTIN_SPEAKER
AAWAZ_DIAG,206424409,0.0,0,-999.0,1.000,320,OFFHOOK,IN_CALL,BUILTIN_SPEAKER
AAWAZ_DIAG,206424909,0.0,0,-999.0,1.000,320,OFFHOOK,IN_CALL,BUILTIN_SPEAKER
AAWAZ_DIAG,206425408,0.0,0,-999.0,1.000,320,OFFHOOK,IN_CALL,BUILTIN_SPEAKER
AAWAZ_DIAG,206425909,0.0,0,-999.0,1.000,320,OFFHOOK,IN_CALL,BUILTIN_SPEAKER
AAWAZ_DIAG,206426406,0.0,0,-999.0,1.000,320,OFFHOOK,IN_CALL,BUILTIN_SPEAKER
AAWAZ_DIAG,206426908,0.0,0,-999.0,1.000,320,OFFHOOK,IN_CALL,BUILTIN_SPEAKER
AAWAZ_DIAG,206427407,0.0,0,-999.0,1.000,320,OFFHOOK,IN_CALL,BUILTIN_SPEAKER
AAWAZ_DIAG,206427909,0.0,0,-999.0,1.000,320,OFFHOOK,IN_CALL,BUILTIN_SPEAKER
AAWAZ_DIAG,206428408,0.0,0,-999.0,1.000,320,OFFHOOK,IN_CALL,BUILTIN_SPEAKER
AAWAZ_DIAG,206428909,0.0,0,-999.0,1.000,320,OFFHOOK,IN_CALL,BUILTIN_SPEAKER
AAWAZ_DIAG,206429409,0.0,0,-999.0,1.000,320,OFFHOOK,IN_CALL,BUILTIN_SPEAKER
AAWAZ_DIAG,206429908,0.0,0,-999.0,1.000,320,OFFHOOK,IN_CALL,BUILTIN_SPEAKER
AAWAZ_DIAG,206430407,0.0,0,-999.0,1.000,320,OFFHOOK,IN_CALL,BUILTIN_SPEAKER
AAWAZ_DIAG,206430908,0.0,0,-999.0,1.000,320,OFFHOOK,IN_CALL,BUILTIN_SPEAKER
AAWAZ_DIAG,206431405,0.0,0,-999.0,1.000,320,OFFHOOK,IN_CALL,BUILTIN_SPEAKER
AAWAZ_DIAG,206431909,0.0,0,-999.0,1.000,320,OFFHOOK,IN_CALL,BUILTIN_SPEAKER
AAWAZ_DIAG,206432412,0.0,0,-999.0,1.000,320,OFFHOOK,IN_CALL,BUILTIN_SPEAKER
AAWAZ_DIAG,206432910,0.0,0,-999.0,1.000,320,OFFHOOK,IN_CALL,BUILTIN_SPEAKER
AAWAZ_DIAG,206433407,0.0,0,-999.0,1.000,320,OFFHOOK,IN_CALL,BUILTIN_SPEAKER
AAWAZ_DIAG,206433909,0.0,0,-999.0,1.000,320,OFFHOOK,IN_CALL,BUILTIN_SPEAKER
AAWAZ_DIAG,206434408,0.0,0,-999.0,1.000,320,OFFHOOK,IN_CALL,BUILTIN_SPEAKER
AAWAZ_DIAG,206434908,0.0,0,-999.0,1.000,320,OFFHOOK,IN_CALL,BUILTIN_SPEAKER
AAWAZ_DIAG,206435409,0.0,0,-999.0,1.000,320,OFFHOOK,IN_CALL,BUILTIN_SPEAKER
AAWAZ_DIAG,206435910,0.0,0,-999.0,1.000,320,OFFHOOK,IN_CALL,BUILTIN_SPEAKER
AAWAZ_DIAG,206436409,0.0,0,-999.0,1.000,320,OFFHOOK,IN_CALL,BUILTIN_SPEAKER
AAWAZ_DIAG,206436910,0.0,0,-999.0,1.000,320,OFFHOOK,IN_CALL,BUILTIN_SPEAKER
AAWAZ_DIAG,206437409,0.0,0,-999.0,1.000,320,OFFHOOK,IN_CALL,BUILTIN_SPEAKER
AAWAZ_DIAG,206437909,0.0,0,-999.0,1.000,320,OFFHOOK,IN_CALL,BUILTIN_SPEAKER
AAWAZ_DIAG,206438408,0.0,0,-999.0,1.000,320,OFFHOOK,IN_CALL,BUILTIN_SPEAKER
AAWAZ_DIAG,206438909,0.0,0,-999.0,1.000,320,OFFHOOK,IN_CALL,BUILTIN_SPEAKER
AAWAZ_DIAG,206439407,0.0,0,-999.0,1.000,320,OFFHOOK,IN_CALL,BUILTIN_SPEAKER
AAWAZ_DIAG,206439909,0.0,0,-999.0,1.000,320,OFFHOOK,IN_CALL,BUILTIN_SPEAKER
AAWAZ_DIAG,206440408,0.0,0,-999.0,1.000,320,OFFHOOK,IN_CALL,BUILTIN_SPEAKER
AAWAZ_DIAG,206440909,0.0,0,-999.0,1.000,320,OFFHOOK,IN_CALL,BUILTIN_SPEAKER
AAWAZ_DIAG,206441400,0.0,0,-999.0,1.000,320,OFFHOOK,IN_CALL,BUILTIN_SPEAKER
AAWAZ_DIAG,206441906,0.0,0,-999.0,1.000,320,OFFHOOK,IN_CALL,BUILTIN_SPEAKER
AAWAZ_DIAG,206442409,0.0,0,-999.0,1.000,320,OFFHOOK,IN_CALL,BUILTIN_SPEAKER
AAWAZ_DIAG,206442910,0.0,0,-999.0,1.000,320,OFFHOOK,IN_CALL,BUILTIN_SPEAKER
AAWAZ_DIAG,206443407,0.0,0,-999.0,1.000,320,OFFHOOK,IN_CALL,BUILTIN_SPEAKER
AAWAZ_DIAG,206443909,0.0,0,-999.0,1.000,320,OFFHOOK,IN_CALL,BUILTIN_SPEAKER
AAWAZ_DIAG,206444403,0.0,0,-999.0,1.000,320,OFFHOOK,IN_CALL,BUILTIN_SPEAKER
AAWAZ_DIAG,206444900,0.0,0,-999.0,1.000,320,OFFHOOK,IN_CALL,BUILTIN_SPEAKER
AAWAZ_DIAG,206445408,0.0,0,-999.0,1.000,320,OFFHOOK,IN_CALL,BUILTIN_SPEAKER
AAWAZ_DIAG,206445905,0.0,0,-999.0,1.000,320,OFFHOOK,IN_CALL,BUILTIN_SPEAKER
AAWAZ_DIAG,206446406,0.0,0,-999.0,1.000,320,OFFHOOK,IN_CALL,BUILTIN_SPEAKER
AAWAZ_DIAG,206446909,0.0,0,-999.0,1.000,320,OFFHOOK,IN_CALL,BUILTIN_SPEAKER
AAWAZ_DIAG,206447409,0.0,0,-999.0,1.000,320,OFFHOOK,IN_CALL,BUILTIN_SPEAKER
AAWAZ_DIAG,206447914,0.0,0,-999.0,1.000,320,OFFHOOK,IN_CALL,BUILTIN_SPEAKER
AAWAZ_DIAG,206448409,0.0,0,-999.0,1.000,320,OFFHOOK,IN_CALL,BUILTIN_SPEAKER
AAWAZ_DIAG,206448908,0.0,0,-999.0,1.000,320,OFFHOOK,IN_CALL,BUILTIN_SPEAKER
AAWAZ_DIAG,206449409,0.0,0,-999.0,1.000,320,OFFHOOK,IN_CALL,BUILTIN_SPEAKER
AAWAZ_DIAG,206449901,0.0,0,-999.0,1.000,320,OFFHOOK,IN_CALL,BUILTIN_SPEAKER
AAWAZ_DIAG,206450408,0.0,0,-999.0,1.000,320,OFFHOOK,IN_CALL,BUILTIN_SPEAKER
AAWAZ_DIAG,206450910,0.0,0,-999.0,1.000,320,OFFHOOK,IN_CALL,BUILTIN_SPEAKER
AAWAZ_DIAG,206451411,0.0,0,-999.0,1.000,320,OFFHOOK,IN_CALL,BUILTIN_SPEAKER
AAWAZ_DIAG,206451908,0.0,0,-999.0,1.000,320,OFFHOOK,IN_CALL,BUILTIN_SPEAKER
AAWAZ_DIAG,206452408,0.0,0,-999.0,1.000,320,OFFHOOK,IN_CALL,BUILTIN_SPEAKER
AAWAZ_DIAG,206452906,0.0,0,-999.0,1.000,320,OFFHOOK,IN_CALL,BUILTIN_SPEAKER
AAWAZ_DIAG,206453409,0.0,0,-999.0,1.000,320,OFFHOOK,IN_CALL,BUILTIN_SPEAKER
AAWAZ_DIAG,206453910,0.0,0,-999.0,1.000,320,OFFHOOK,IN_CALL,BUILTIN_SPEAKER
AAWAZ_DIAG,206454410,0.0,0,-999.0,1.000,320,OFFHOOK,IN_CALL,BUILTIN_SPEAKER
AAWAZ_DIAG,206454907,0.0,0,-999.0,1.000,320,OFFHOOK,IN_CALL,BUILTIN_SPEAKER
AAWAZ_DIAG,206455409,0.0,0,-999.0,1.000,320,OFFHOOK,IN_CALL,BUILTIN_SPEAKER
AAWAZ_DIAG,206455909,0.0,0,-999.0,1.000,320,OFFHOOK,IN_CALL,BUILTIN_SPEAKER
AAWAZ_DIAG,206456408,0.0,0,-999.0,1.000,320,OFFHOOK,IN_CALL,BUILTIN_SPEAKER
AAWAZ_DIAG,206456908,0.0,0,-999.0,1.000,320,OFFHOOK,IN_CALL,BUILTIN_SPEAKER
AAWAZ_DIAG,206457409,0.0,0,-999.0,1.000,320,OFFHOOK,IN_CALL,BUILTIN_SPEAKER
AAWAZ_DIAG,206457907,0.0,0,-999.0,1.000,320,OFFHOOK,IN_CALL,BUILTIN_SPEAKER
AAWAZ_DIAG,206458410,0.0,0,-999.0,1.000,320,OFFHOOK,IN_CALL,BUILTIN_SPEAKER
AAWAZ_DIAG,206458909,0.0,0,-999.0,1.000,320,OFFHOOK,IN_CALL,BUILTIN_SPEAKER
AAWAZ_DIAG,206459410,0.0,0,-999.0,1.000,320,OFFHOOK,IN_CALL,BUILTIN_SPEAKER
AAWAZ_DIAG,206459908,0.0,0,-999.0,1.000,320,OFFHOOK,IN_CALL,BUILTIN_SPEAKER
AAWAZ_DIAG,206460410,0.0,0,-999.0,1.000,320,OFFHOOK,IN_CALL,BUILTIN_SPEAKER
AAWAZ_DIAG,206460901,0.0,0,-999.0,1.000,320,OFFHOOK,IN_CALL,BUILTIN_SPEAKER
AAWAZ_DIAG,206461404,0.0,0,-999.0,1.000,320,OFFHOOK,IN_CALL,BUILTIN_SPEAKER
AAWAZ_DIAG,206461905,0.0,0,-999.0,1.000,320,OFFHOOK,IN_CALL,BUILTIN_SPEAKER
AAWAZ_DIAG,206462403,0.0,0,-999.0,1.000,320,OFFHOOK,IN_CALL,BUILTIN_SPEAKER
AAWAZ_DIAG,206462903,0.0,0,-999.0,1.000,320,OFFHOOK,IN_CALL,BUILTIN_SPEAKER
AAWAZ_DIAG,206463407,0.0,0,-999.0,1.000,320,OFFHOOK,IN_CALL,BUILTIN_SPEAKER
AAWAZ_DIAG,206463908,0.0,0,-999.0,1.000,320,OFFHOOK,IN_CALL,BUILTIN_SPEAKER
AAWAZ_DIAG,206464407,0.0,0,-999.0,1.000,320,OFFHOOK,IN_CALL,BUILTIN_SPEAKER
AAWAZ_DIAG,206464910,0.0,0,-999.0,1.000,320,OFFHOOK,IN_CALL,BUILTIN_SPEAKER
AAWAZ_DIAG,206465409,0.0,0,-999.0,1.000,320,OFFHOOK,IN_CALL,BUILTIN_SPEAKER
AAWAZ_DIAG,206465910,0.0,0,-999.0,1.000,320,OFFHOOK,IN_CALL,BUILTIN_SPEAKER
AAWAZ_DIAG,206466409,0.0,0,-999.0,1.000,320,OFFHOOK,IN_CALL,BUILTIN_SPEAKER
AAWAZ_DIAG,206466909,0.0,0,-999.0,1.000,320,OFFHOOK,IN_CALL,BUILTIN_SPEAKER
AAWAZ_DIAG,206467408,0.0,0,-999.0,1.000,320,OFFHOOK,IN_CALL,BUILTIN_SPEAKER
AAWAZ_DIAG,206467908,0.0,0,-999.0,1.000,320,OFFHOOK,IN_CALL,BUILTIN_SPEAKER
AAWAZ_DIAG,206468409,0.0,0,-999.0,1.000,320,OFFHOOK,IN_CALL,BUILTIN_SPEAKER
AAWAZ_DIAG,206468908,0.0,0,-999.0,1.000,320,OFFHOOK,IN_CALL,BUILTIN_SPEAKER
AAWAZ_DIAG,206469400,0.0,0,-999.0,1.000,320,OFFHOOK,IN_CALL,BUILTIN_SPEAKER
AAWAZ_DIAG,206469911,0.0,0,-999.0,1.000,320,OFFHOOK,IN_CALL,BUILTIN_SPEAKER
AAWAZ_DIAG,206470402,0.0,0,-999.0,1.000,320,OFFHOOK,IN_CALL,BUILTIN_SPEAKER
AAWAZ_DIAG,206470974,0.0,0,-999.0,1.000,2560,IDLE,IN_CALL,BUILTIN_SPEAKER
AAWAZ_DIAG,206471475,0.0,0,-999.0,1.000,320,IDLE,IN_CALL,BUILTIN_SPEAKER
AAWAZ_DIAG,206471974,0.0,0,-999.0,1.000,320,IDLE,IN_CALL,BUILTIN_SPEAKER
AAWAZ_DIAG,206472526,92.3,499,-51.0,0.675,2560,IDLE,NORMAL,BUILTIN_EARPIECE
AAWAZ_DIAG,206473023,70.8,584,-53.3,0.454,320,IDLE,NORMAL,BUILTIN_EARPIECE
AAWAZ_DIAG,206473523,58.3,207,-55.0,0.008,320,IDLE,NORMAL,BUILTIN_EARPIECE
AAWAZ_DIAG,206474026,61.1,228,-54.6,0.007,320,IDLE,NORMAL,BUILTIN_EARPIECE
AAWAZ_DIAG,206474524,59.5,274,-54.8,0.007,320,IDLE,NORMAL,BUILTIN_EARPIECE
AAWAZ_DIAG,206475027,80.9,694,-52.2,0.006,320,IDLE,NORMAL,BUILTIN_EARPIECE
AAWAZ_DIAG,206475525,703.6,13626,-33.4,0.004,320,IDLE,NORMAL,BUILTIN_EARPIECE
AAWAZ_DIAG,206476031,1008.7,15103,-30.2,0.004,320,IDLE,NORMAL,BUILTIN_EARPIECE
AAWAZ_DIAG,206476529,58.5,223,-55.0,0.008,320,IDLE,NORMAL,BUILTIN_EARPIECE
AAWAZ_DIAG,206477032,72.4,298,-53.1,0.006,320,IDLE,NORMAL,BUILTIN_EARPIECE
AAWAZ_DIAG,206477536,69.4,312,-53.5,0.007,320,IDLE,NORMAL,BUILTIN_EARPIECE
AAWAZ_DIAG,206478032,116.2,531,-49.0,0.004,320,IDLE,NORMAL,BUILTIN_EARPIECE
AAWAZ_DIAG,206478536,183.5,696,-45.0,0.002,320,IDLE,NORMAL,BUILTIN_EARPIECE
AAWAZ_DIAG,206479036,73.1,273,-53.0,0.005,320,IDLE,NORMAL,BUILTIN_EARPIECE
AAWAZ_DIAG,206479537,148.9,1240,-46.8,0.004,320,IDLE,NORMAL,BUILTIN_EARPIECE
AAWAZ_DIAG,206480034,98.3,377,-50.5,0.004,320,IDLE,NORMAL,BUILTIN_EARPIECE
AAWAZ_DIAG,206480534,114.1,380,-49.2,0.003,320,IDLE,NORMAL,BUILTIN_EARPIECE
AAWAZ_DIAG,206481033,134.5,455,-47.7,0.003,320,IDLE,NORMAL,BUILTIN_EARPIECE
AAWAZ_DIAG,206481526,142.6,560,-47.2,0.002,320,IDLE,NORMAL,BUILTIN_EARPIECE
AAWAZ_DIAG,206482026,144.6,586,-47.1,0.003,320,IDLE,NORMAL,BUILTIN_EARPIECE
AAWAZ_DIAG,206482531,169.5,760,-45.7,0.002,320,IDLE,NORMAL,BUILTIN_EARPIECE
AAWAZ_DIAG,206483028,141.6,529,-47.3,0.003,320,IDLE,NORMAL,BUILTIN_EARPIECE
AAWAZ_DIAG,206483528,151.8,541,-46.7,0.002,320,IDLE,NORMAL,BUILTIN_EARPIECE
AAWAZ_DIAG,206484028,169.4,604,-45.7,0.002,320,IDLE,NORMAL,BUILTIN_EARPIECE
AAWAZ_DIAG,206484526,166.7,562,-45.9,0.002,320,IDLE,NORMAL,BUILTIN_EARPIECE
AAWAZ_DIAG,206485027,189.4,698,-44.8,0.003,320,IDLE,NORMAL,BUILTIN_EARPIECE
AAWAZ_DIAG,206485530,162.8,625,-46.1,0.002,320,IDLE,NORMAL,BUILTIN_EARPIECE
AAWAZ_DIAG,206486028,417.5,2543,-37.9,0.001,320,IDLE,NORMAL,BUILTIN_EARPIECE
AAWAZ_DIAG,206486527,190.4,642,-44.7,0.001,320,IDLE,NORMAL,BUILTIN_EARPIECE
AAWAZ_DIAG,206487026,197.8,761,-44.4,0.002,320,IDLE,NORMAL,BUILTIN_EARPIECE
AAWAZ_DIAG,206487527,201.7,732,-44.2,0.002,320,IDLE,NORMAL,BUILTIN_EARPIECE
AAWAZ_DIAG,206488027,190.9,891,-44.7,0.002,320,IDLE,NORMAL,BUILTIN_EARPIECE
AAWAZ_DIAG,206488527,186.2,610,-44.9,0.001,320,IDLE,NORMAL,BUILTIN_EARPIECE
AAWAZ_DIAG,206489027,189.3,809,-44.8,0.002,320,IDLE,NORMAL,BUILTIN_EARPIECE
AAWAZ_DIAG,206489534,194.2,768,-44.5,0.002,320,IDLE,NORMAL,BUILTIN_EARPIECE
AAWAZ_DIAG,206490033,180.3,758,-45.2,0.002,320,IDLE,NORMAL,BUILTIN_EARPIECE
AAWAZ_DIAG,206490529,197.8,775,-44.4,0.002,320,IDLE,NORMAL,BUILTIN_EARPIECE
AAWAZ_DIAG,206491034,221.3,861,-43.4,0.002,320,IDLE,NORMAL,BUILTIN_EARPIECE
AAWAZ_DIAG,206491535,217.9,839,-43.5,0.002,320,IDLE,NORMAL,BUILTIN_EARPIECE
AAWAZ_DIAG,206492030,517.2,2919,-36.0,0.001,320,IDLE,NORMAL,BUILTIN_EARPIECE
AAWAZ_DIAG,206492537,630.1,2342,-34.3,0.000,320,IDLE,NORMAL,BUILTIN_EARPIECE
AAWAZ_DIAG,206493036,294.5,1442,-40.9,0.002,320,IDLE,NORMAL,BUILTIN_EARPIECE
